id,category,term,origin,relation,definition,example,exampleSource,otherMeanings,sourcePages,dictionaryCode
relation-387475-1,어휘 관계,갈다,,동음이의어 안에서 다의 관계,쟁기나 트랙터 따위의 농기구나 농기계로 땅을 파서 뒤집다.,경운기로 논도 갈고 지게질로 객토도 했다.,표준국어대사전 용례,날카롭게 날을 세우거나 표면을 매끄럽게 하기 위하여 다른 물건에 대고 문지르다. | 잘게 부수기 위하여 단단한 물건에 대고 문지르거나 단단한 물건 사이에 넣어 으깨다. | 먹을 풀기 위하여 벼루에 대고 문지르다. | 윗니와 아랫니를 맞대고 문질러 소리를 내다.,1,387475
relation-387475-2,어휘 관계,갈다,,동음이의어 안에서 다의 관계,주로 밭작물의 씨앗을 심어 가꾸다.,밭에 보리를 갈다.,표준국어대사전 용례,날카롭게 날을 세우거나 표면을 매끄럽게 하기 위하여 다른 물건에 대고 문지르다. | 잘게 부수기 위하여 단단한 물건에 대고 문지르거나 단단한 물건 사이에 넣어 으깨다. | 먹을 풀기 위하여 벼루에 대고 문지르다. | 윗니와 아랫니를 맞대고 문질러 소리를 내다.,1,387475
relation-7335-1,어휘 관계,갈다,,동음이의어 안에서 다의 관계,날카롭게 날을 세우거나 표면을 매끄럽게 하기 위하여 다른 물건에 대고 문지르다.,기계로 칼을 갈다.,표준국어대사전 용례,쟁기나 트랙터 따위의 농기구나 농기계로 땅을 파서 뒤집다. | 주로 밭작물의 씨앗을 심어 가꾸다.,1,7335
relation-7335-2,어휘 관계,갈다,,동음이의어 안에서 다의 관계,잘게 부수기 위하여 단단한 물건에 대고 문지르거나 단단한 물건 사이에 넣어 으깨다.,고기를 갈다.,표준국어대사전 용례,쟁기나 트랙터 따위의 농기구나 농기계로 땅을 파서 뒤집다. | 주로 밭작물의 씨앗을 심어 가꾸다.,1,7335
relation-7335-3,어휘 관계,갈다,,동음이의어 안에서 다의 관계,먹을 풀기 위하여 벼루에 대고 문지르다.,벼루에 먹을 갈다.,표준국어대사전 용례,쟁기나 트랙터 따위의 농기구나 농기계로 땅을 파서 뒤집다. | 주로 밭작물의 씨앗을 심어 가꾸다.,1,7335
relation-7335-4,어휘 관계,갈다,,동음이의어 안에서 다의 관계,윗니와 아랫니를 맞대고 문질러 소리를 내다.,자면서 뽀드득뽀드득 이를 갈다.,표준국어대사전 용례,쟁기나 트랙터 따위의 농기구나 농기계로 땅을 파서 뒤집다. | 주로 밭작물의 씨앗을 심어 가꾸다.,1,7335
confusable-57495-8,어휘 관계,나다,,혼동하기 쉬운 어휘: 낫다 / 나다 / 낳다,인물이 배출되다.,어머니는 우리 집에 천재가 났다면서 좋아하셨다.,표준국어대사전 용례,낫다: 병이나 상처 따위가 고쳐져 본래대로 되다. | 낳다: 어떤 결과를 이루거나 가져오다.,24,57495
relation-57495-30,어휘 관계,나다,,다의 관계,(동사 뒤에서 ‘-어 나다’ 구성으로 쓰여) 앞말이 뜻하는 행동을 끝내어 이루었음을 나타내는 말.,겪어 나다.,표준국어대사전 용례,,"4,5,23,24",57495
relation-57495-31,어휘 관계,나다,,다의 관계,(동사 뒤에서 ‘-고 나다’ 구성으로 쓰여) 앞말이 뜻하는 행동이 끝났음을 나타내는 말.,아이들이 모두 집에 돌아가고 나니 마음이 허전했다.,표준국어대사전 용례,,"4,5,23,24",57495
confusable-403928-1,어휘 관계,낫다,,혼동하기 쉬운 어휘: 낫다 / 나다 / 낳다,병이나 상처 따위가 고쳐져 본래대로 되다.,병이 씻은 듯이 나았다.,표준국어대사전 용례,나다: 인물이 배출되다. | 낳다: 어떤 결과를 이루거나 가져오다.,24,403928
relation-410752-1,어휘 관계,낮다,,다의 관계,아래에서 위까지의 높이가 기준이 되는 대상이나 보통 정도에 미치지 못하는 상태에 있다.,저 산은 낮지만 험하다.,표준국어대사전 용례,,1,410752
relation-410752-2,어휘 관계,낮다,,다의 관계,높낮이로 잴 수 있는 수치나 정도가 기준이 되는 대상이나 보통 정도에 미치지 못하는 상태에 있다.,온도가 낮다.,표준국어대사전 용례,,1,410752
relation-410752-3,어휘 관계,낮다,,다의 관계,"품위, 능력, 품질 따위가 바라는 기준보다 못하거나 보통 정도에 미치지 못하는 상태에 있다.",질이 낮은 물건.,표준국어대사전 용례,,1,410752
relation-410752-4,어휘 관계,낮다,,다의 관계,지위나 계급 따위가 기준이 되는 대상이나 보통 정도에 미치지 못하는 상태에 있다.,소령은 대령보다 계급이 낮다.,표준국어대사전 용례,,1,410752
relation-410752-5,어휘 관계,낮다,,다의 관계,소리가 음계에서 아래쪽이거나 진동수가 작은 상태에 있다.,콘트라베이스의 낮은 선율이 흘렀다.,표준국어대사전 용례,,1,410752
confusable-405847-2,어휘 관계,낳다,,혼동하기 쉬운 어휘: 낫다 / 나다 / 낳다,어떤 결과를 이루거나 가져오다.,많은 이익을 낳는 유망 사업.,표준국어대사전 용례,낫다: 병이나 상처 따위가 고쳐져 본래대로 되다. | 나다: 인물이 배출되다.,24,405847
relation-406858-1,어휘 관계,누르다,,동음이의어 안에서 다의 관계,물체의 전체 면이나 부분에 대하여 힘이나 무게를 가하다.,초인종을 누르다.,표준국어대사전 용례,황금이나 놋쇠의 빛깔과 같이 다소 밝고 탁하다.,1,406858
relation-406858-2,어휘 관계,누르다,,동음이의어 안에서 다의 관계,마음대로 행동하지 못하도록 힘이나 규제를 가하다.,윗사람이라고 아랫사람을 힘으로 눌러서는 함께 일을 하기가 어렵다.,표준국어대사전 용례,황금이나 놋쇠의 빛깔과 같이 다소 밝고 탁하다.,1,406858
relation-406858-3,어휘 관계,누르다,,동음이의어 안에서 다의 관계,자신의 감정이나 생각을 밖으로 드러내지 않고 참다.,분노를 누르다.,표준국어대사전 용례,황금이나 놋쇠의 빛깔과 같이 다소 밝고 탁하다.,1,406858
relation-406858-4,어휘 관계,누르다,,동음이의어 안에서 다의 관계,"경기나 경선 따위에서, 상대를 제압하여 이기다.",우리나라 축구팀이 일본 팀을 누르고 우승했다.,표준국어대사전 용례,황금이나 놋쇠의 빛깔과 같이 다소 밝고 탁하다.,1,406858
relation-70434-1,어휘 관계,누르다,,동음이의 관계,황금이나 놋쇠의 빛깔과 같이 다소 밝고 탁하다.,누른 잎.,표준국어대사전 용례,"물체의 전체 면이나 부분에 대하여 힘이나 무게를 가하다. | 마음대로 행동하지 못하도록 힘이나 규제를 가하다. | 자신의 감정이나 생각을 밖으로 드러내지 않고 참다. | 경기나 경선 따위에서, 상대를 제압하여 이기다.",2,70434
relation-409998-1,어휘 관계,눈,,다의 관계,"빛의 자극을 받아 물체를 볼 수 있는 감각 기관. 척추동물의 경우 안구ㆍ시각 신경 따위로 되어 있어, 외계에서 들어온 빛은 각막ㆍ눈동자ㆍ수정체를 지나 유리체를 거쳐 망막에 이르는데, 그 사이에 굴광체(屈光體)에 의하여 굴절되어 망막에 상을 맺는다.",눈이 맑다.,표준국어대사전 용례,,2,409998
relation-409998-2,어휘 관계,눈,,다의 관계,"물체의 존재나 형상을 인식하는 눈의 능력. 눈으로 두 광점을 구별할 수 있는 능력으로, 광도나 그 밖의 조건이 동일할 때, 시각 세포의 분포 밀도가 클수록 시력이 좋다.",눈이 좋다.,표준국어대사전 용례,,2,409998
relation-413242-1,어휘 관계,달다,,동음이의어 안에서 다의 관계,타지 않는 단단한 물체가 열로 몹시 뜨거워지다.,다리미가 달다.,표준국어대사전 용례,물건을 일정한 곳에 걸거나 매어 놓다. | 글이나 말에 설명 따위를 덧붙이거나 보태다. | 이름이나 제목 따위를 정하여 붙이다. | 윷판에서 처음으로 말을 놓다.,"2,3",413242
relation-413242-2,어휘 관계,달다,,동음이의어 안에서 다의 관계,물기가 많은 음식이나 탕약 따위에 열을 가하여 물이 졸아들다.,오랫동안 끓이자 탕약이 걸쭉하게 달았다.,PDF 뜻풀이를 바탕으로 작성한 학습용 문장,물건을 일정한 곳에 걸거나 매어 놓다. | 글이나 말에 설명 따위를 덧붙이거나 보태다. | 이름이나 제목 따위를 정하여 붙이다. | 윷판에서 처음으로 말을 놓다.,"2,3",413242
relation-413242-3,어휘 관계,달다,,동음이의어 안에서 다의 관계,열이 나거나 부끄러워서 몸이나 몸의 일부가 뜨거워지다.,혈관마다 일시에 더운 피가 끓어올라 얼굴이 화끈 달았다.,표준국어대사전 용례,물건을 일정한 곳에 걸거나 매어 놓다. | 글이나 말에 설명 따위를 덧붙이거나 보태다. | 이름이나 제목 따위를 정하여 붙이다. | 윷판에서 처음으로 말을 놓다.,"2,3",413242
relation-413242-4,어휘 관계,달다,,동음이의어 안에서 다의 관계,입 안이나 코 안이 마르고 뜨거워지다.,긴장한 탓에 입안이 바싹 달았다.,PDF 뜻풀이를 바탕으로 작성한 학습용 문장,물건을 일정한 곳에 걸거나 매어 놓다. | 글이나 말에 설명 따위를 덧붙이거나 보태다. | 이름이나 제목 따위를 정하여 붙이다. | 윷판에서 처음으로 말을 놓다.,"2,3",413242
relation-413242-5,어휘 관계,달다,,동음이의어 안에서 다의 관계,안타깝거나 조마조마하여 마음이 몹시 조급해지다.,마음이 달다.,표준국어대사전 용례,물건을 일정한 곳에 걸거나 매어 놓다. | 글이나 말에 설명 따위를 덧붙이거나 보태다. | 이름이나 제목 따위를 정하여 붙이다. | 윷판에서 처음으로 말을 놓다.,"2,3",413242
relation-413408-1,어휘 관계,달다,,동음이의어 안에서 다의 관계,물건을 일정한 곳에 걸거나 매어 놓다.,배에 돛을 달다.,표준국어대사전 용례,타지 않는 단단한 물체가 열로 몹시 뜨거워지다. | 물기가 많은 음식이나 탕약 따위에 열을 가하여 물이 졸아들다. | 열이 나거나 부끄러워서 몸이나 몸의 일부가 뜨거워지다. | 입 안이나 코 안이 마르고 뜨거워지다. | 안타깝거나 조마조마하여 마음이 몹시 조급해지다.,3,413408
relation-413408-4,어휘 관계,달다,,동음이의어 안에서 다의 관계,글이나 말에 설명 따위를 덧붙이거나 보태다.,본문에 각주를 달다.,표준국어대사전 용례,타지 않는 단단한 물체가 열로 몹시 뜨거워지다. | 물기가 많은 음식이나 탕약 따위에 열을 가하여 물이 졸아들다. | 열이 나거나 부끄러워서 몸이나 몸의 일부가 뜨거워지다. | 입 안이나 코 안이 마르고 뜨거워지다. | 안타깝거나 조마조마하여 마음이 몹시 조급해지다.,3,413408
relation-413408-5,어휘 관계,달다,,동음이의어 안에서 다의 관계,이름이나 제목 따위를 정하여 붙이다.,작품에 제목을 달다.,표준국어대사전 용례,타지 않는 단단한 물체가 열로 몹시 뜨거워지다. | 물기가 많은 음식이나 탕약 따위에 열을 가하여 물이 졸아들다. | 열이 나거나 부끄러워서 몸이나 몸의 일부가 뜨거워지다. | 입 안이나 코 안이 마르고 뜨거워지다. | 안타깝거나 조마조마하여 마음이 몹시 조급해지다.,3,413408
relation-413408-7,어휘 관계,달다,,동음이의어 안에서 다의 관계,윷판에서 처음으로 말을 놓다.,우리 편이 먼저 막동을 달았다.,표준국어대사전 용례,타지 않는 단단한 물체가 열로 몹시 뜨거워지다. | 물기가 많은 음식이나 탕약 따위에 열을 가하여 물이 졸아들다. | 열이 나거나 부끄러워서 몸이나 몸의 일부가 뜨거워지다. | 입 안이나 코 안이 마르고 뜨거워지다. | 안타깝거나 조마조마하여 마음이 몹시 조급해지다.,3,413408
confusable-80022-5,어휘 관계,대다,,혼동하기 쉬운 어휘: 대다 / 데다,"차, 배 따위의 탈것을 멈추어 서게 하다.",항구에 배를 대다.,표준국어대사전 용례,데다: 불이나 뜨거운 기운으로 말미암아 살이 상하다. 또는 그렇게 하다.,24,80022
confusable-83819-1,어휘 관계,데다,,혼동하기 쉬운 어휘: 대다 / 데다,불이나 뜨거운 기운으로 말미암아 살이 상하다. 또는 그렇게 하다.,팔이 불에 데다.,표준국어대사전 용례,"대다: 차, 배 따위의 탈것을 멈추어 서게 하다.",24,83819
relation-416106-1,어휘 관계,되다,,동음이의어 안에서 다의 관계,반죽이나 밥 따위가 물기가 적어 빡빡하다.,밥이 너무 되다.,표준국어대사전 용례,"새로운 신분이나 지위를 가지다. | 다른 것으로 바뀌거나 변하다. | 어떤 때나 시기, 상태에 이르다. | 일정한 수량에 차거나 이르다. | 어떤 대상의 수량, 요금 따위가 얼마이거나 장소가 어디이다. | 사람으로서의 품격과 덕을 갖추다. | 어떠한 심리적 상태에 놓이다. | 어떤 사람과 어떤 관계를 맺고 있다.","2,22",416106
relation-416106-2,어휘 관계,되다,,동음이의어 안에서 다의 관계,줄 따위가 단단하고 팽팽하다.,새끼줄로 되게 묶어라.,표준국어대사전 용례,"새로운 신분이나 지위를 가지다. | 다른 것으로 바뀌거나 변하다. | 어떤 때나 시기, 상태에 이르다. | 일정한 수량에 차거나 이르다. | 어떤 대상의 수량, 요금 따위가 얼마이거나 장소가 어디이다. | 사람으로서의 품격과 덕을 갖추다. | 어떠한 심리적 상태에 놓이다. | 어떤 사람과 어떤 관계를 맺고 있다.","2,22,23",416106
relation-90723-1,어휘 관계,되다,,동음이의어 안에서 다의 관계,새로운 신분이나 지위를 가지다.,커서 의사가 되고 싶다.,표준국어대사전 용례,반죽이나 밥 따위가 물기가 적어 빡빡하다. | 줄 따위가 단단하고 팽팽하다.,21,90723
relation-90723-10,어휘 관계,되다,,동음이의어 안에서 다의 관계,어떤 형태나 구조로 이루어지다.,타원형으로 된 탁자.,표준국어대사전 용례,반죽이나 밥 따위가 물기가 적어 빡빡하다. | 줄 따위가 단단하고 팽팽하다.,22,90723
relation-90723-11,어휘 관계,되다,,동음이의어 안에서 다의 관계,문서나 서류에 어떤 사람이나 조직의 이름이 쓰이다.,전 시민의 이름으로 된 청원서.,표준국어대사전 용례,반죽이나 밥 따위가 물기가 적어 빡빡하다. | 줄 따위가 단단하고 팽팽하다.,22,90723
relation-90723-12,어휘 관계,되다,,동음이의어 안에서 다의 관계,어떤 사물이나 현상이 생겨나거나 만들어지다.,밥이 맛있게 되다.,표준국어대사전 용례,반죽이나 밥 따위가 물기가 적어 빡빡하다. | 줄 따위가 단단하고 팽팽하다.,22,90723
relation-90723-15,어휘 관계,되다,,동음이의어 안에서 다의 관계,어떤 사물이 제 기능을 다 하거나 수명이 다하다.,기계가 못 쓰게 되다.,표준국어대사전 용례,반죽이나 밥 따위가 물기가 적어 빡빡하다. | 줄 따위가 단단하고 팽팽하다.,22,90723
relation-90723-2,어휘 관계,되다,,동음이의어 안에서 다의 관계,다른 것으로 바뀌거나 변하다.,얼음이 물이 되다.,표준국어대사전 용례,반죽이나 밥 따위가 물기가 적어 빡빡하다. | 줄 따위가 단단하고 팽팽하다.,21,90723
relation-90723-3,어휘 관계,되다,,동음이의어 안에서 다의 관계,"어떤 때나 시기, 상태에 이르다.",시집갈 나이가 다 된 과년한 딸.,표준국어대사전 용례,반죽이나 밥 따위가 물기가 적어 빡빡하다. | 줄 따위가 단단하고 팽팽하다.,21,90723
relation-90723-4,어휘 관계,되다,,동음이의어 안에서 다의 관계,일정한 수량에 차거나 이르다.,이 안에 찬성하는 사람이 50명이 되었다.,표준국어대사전 용례,반죽이나 밥 따위가 물기가 적어 빡빡하다. | 줄 따위가 단단하고 팽팽하다.,21,90723
relation-90723-5,어휘 관계,되다,,동음이의어 안에서 다의 관계,"어떤 대상의 수량, 요금 따위가 얼마이거나 장소가 어디이다.",요금이 만 원이 되겠습니다.,표준국어대사전 용례,반죽이나 밥 따위가 물기가 적어 빡빡하다. | 줄 따위가 단단하고 팽팽하다.,21,90723
relation-90723-6,어휘 관계,되다,,동음이의어 안에서 다의 관계,사람으로서의 품격과 덕을 갖추다.,그는 제대로 된 사람이다.,표준국어대사전 용례,반죽이나 밥 따위가 물기가 적어 빡빡하다. | 줄 따위가 단단하고 팽팽하다.,21,90723
relation-90723-7,어휘 관계,되다,,동음이의어 안에서 다의 관계,어떠한 심리적 상태에 놓이다.,마음속으로 무척 걱정이 되었다.,표준국어대사전 용례,반죽이나 밥 따위가 물기가 적어 빡빡하다. | 줄 따위가 단단하고 팽팽하다.,21,90723
relation-90723-8,어휘 관계,되다,,동음이의어 안에서 다의 관계,어떤 사람과 어떤 관계를 맺고 있다.,이 사람은 제 아우가 됩니다.,표준국어대사전 용례,반죽이나 밥 따위가 물기가 적어 빡빡하다. | 줄 따위가 단단하고 팽팽하다.,21,90723
relation-90723-9,어휘 관계,되다,,동음이의어 안에서 다의 관계,어떤 재료나 성분으로 이루어지다.,나무로 된 책상.,표준국어대사전 용례,반죽이나 밥 따위가 물기가 적어 빡빡하다. | 줄 따위가 단단하고 팽팽하다.,21,90723
relation-90897-11,어휘 관계,두다,,다의 관계,"인정, 사정 따위를 헤아려 주다.",우리는 그런 비열한 짓에는 인정을 두지 않는다.,표준국어대사전 용례,,3,90897
relation-90897-13,어휘 관계,두다,,다의 관계,"행위의 준거점, 목표, 근거 따위를 설정하다.",자연 보호에 목적을 두다.,표준국어대사전 용례,,3,90897
relation-90897-14,어휘 관계,두다,,다의 관계,어떤 것을 일정한 방향으로 향하게 하다.,강을 앞에 두다.,표준국어대사전 용례,,3,90897
relation-90897-15,어휘 관계,두다,,다의 관계,사용하지 않고 보관하거나 간직하다.,그것을 잘 두었다가 요긴할 때 써라.,표준국어대사전 용례,,4,90897
relation-90897-16,어휘 관계,두다,,다의 관계,어떤 일을 처리하지 않고 미루다.,그 사건은 두었다가 나중에 처리합시다.,표준국어대사전 용례,,4,90897
relation-90897-17,어휘 관계,두다,,다의 관계,시간적 여유나 공간적 간격 따위를 주다.,간격을 두고 말을 하다.,표준국어대사전 용례,,4,90897
relation-90897-18,어휘 관계,두다,,다의 관계,어떤 상황이 어떤 시간이나 기간에 걸치다.,세 시간을 두고 생각하다.,표준국어대사전 용례,,4,90897
relation-90897-2,어휘 관계,두다,,다의 관계,어떤 상황이나 상태 속에 놓다.,승리를 눈앞에 두다.,표준국어대사전 용례,,"2,3",90897
relation-90897-20,어휘 관계,두다,,다의 관계,어떤 사람을 가족이나 친인척으로 가지다.,자식을 셋 두었다.,표준국어대사전 용례,,4,90897
relation-90897-21,어휘 관계,두다,,다의 관계,"어떤 것을 논쟁이나 감정, 언급의 대상으로 삼다.",황소 한 마리를 두고 씨름판을 벌이다.,표준국어대사전 용례,,4,90897
relation-90897-22,어휘 관계,두다,,다의 관계,앞의 것을 부정하고 뒤의 것을 긍정하거나 선택할 때 쓴다.,큰길을 두고 샛길로 가다.,표준국어대사전 용례,,4,90897
relation-90897-23,어휘 관계,두다,,다의 관계,바둑이나 장기 따위의 놀이를 하다. 또는 그 알을 놓거나 말을 쓰다.,바둑을 두다.,표준국어대사전 용례,,4,90897
relation-90897-24,어휘 관계,두다,,다의 관계,세상이나 사람들과 밀접한 관계를 갖지 않고 얼마간 떨어져 있다.,그는 그녀를 좀 더 객관적으로 지켜보기 위해서 일부러 그녀에게 일정한 거리를 두었다.,표준국어대사전 용례,,"4,5",90897
relation-90897-25,어휘 관계,두다,,다의 관계,어떤 대상을 일정한 상태로 있게 하다.,아이를 절대로 그 상태로 두어서는 안 됩니다.,표준국어대사전 용례,,"4,5",90897
relation-90897-26,어휘 관계,두다,,다의 관계,앞말이 뜻하는 행동을 끝내고 그 결과를 유지함을 나타내는 말. 주로 그 행동이 어떤 다른 일에 미리 대비하기 위한 것임을 보일 때 쓴다.,불을 켜 두고 잠이 들었다.,표준국어대사전 용례,,5,90897
relation-90897-3,어휘 관계,두다,,다의 관계,가져가거나 데려가지 않고 남기거나 버리다.,집에 두고 온 어린 자식을 생각하면 가슴이 미어진다.,표준국어대사전 용례,,"2,3",90897
relation-90897-4,어휘 관계,두다,,다의 관계,기본 음식에 딴 재료를 섞어 넣다.,쌀밥에 팥을 두다.,표준국어대사전 용례,,"2,3",90897
relation-90897-5,어휘 관계,두다,,다의 관계,이부자리나 옷 따위에 솜 따위를 넣다.,버선에 솜을 두다.,표준국어대사전 용례,,3,90897
relation-90897-8,어휘 관계,두다,,다의 관계,"직책이나 조직, 기구 따위를 설치하다.",세계 각지에 지사를 두다.,표준국어대사전 용례,,3,90897
relation-90897-9,어휘 관계,두다,,다의 관계,중요성이나 가치 따위를 부여하다.,경제 문제에 초점을 두다.,표준국어대사전 용례,,3,90897
relation-415398-2,어휘 관계,드리다,,동음이의 관계,"윗사람에게 그 사람을 높여 말이나, 인사, 부탁, 약속, 축하 따위를 하다.",부모님께 문안을 드리다.,표준국어대사전 용례,"섞인 잡것을 없애기 위하여 떨어 놓은 곡식을 바람에 날리다. | 여러 가닥의 실이나 끈을 하나로 땋거나 꼬다. | 땋은 머리 끝에 댕기를 물리다. | 집에 문, 마루, 벽장, 광 따위를 만들거나 구조를 바꾸어 꾸미다. | 물건 팔기를 그만두고 가게 문을 닫다.",5,415398
relation-92687-1,어휘 관계,드리다,,동음이의 관계,섞인 잡것을 없애기 위하여 떨어 놓은 곡식을 바람에 날리다.,농부는 타작한 곡식을 바람에 드렸다.,PDF 뜻풀이를 바탕으로 작성한 학습용 문장,"윗사람에게 그 사람을 높여 말이나, 인사, 부탁, 약속, 축하 따위를 하다. | 여러 가닥의 실이나 끈을 하나로 땋거나 꼬다. | 땋은 머리 끝에 댕기를 물리다. | 집에 문, 마루, 벽장, 광 따위를 만들거나 구조를 바꾸어 꾸미다. | 물건 팔기를 그만두고 가게 문을 닫다.",5,92687
relation-92688-1,어휘 관계,드리다,,동음이의어 안에서 다의 관계,여러 가닥의 실이나 끈을 하나로 땋거나 꼬다.,짚에다가 삼노를 드려 든든한 밧줄을 꼬다.,표준국어대사전 용례,"윗사람에게 그 사람을 높여 말이나, 인사, 부탁, 약속, 축하 따위를 하다. | 섞인 잡것을 없애기 위하여 떨어 놓은 곡식을 바람에 날리다. | 집에 문, 마루, 벽장, 광 따위를 만들거나 구조를 바꾸어 꾸미다. | 물건 팔기를 그만두고 가게 문을 닫다.",5,92688
relation-92688-2,어휘 관계,드리다,,동음이의어 안에서 다의 관계,땋은 머리 끝에 댕기를 물리다.,머리에 댕기를 드리다.,표준국어대사전 용례,"윗사람에게 그 사람을 높여 말이나, 인사, 부탁, 약속, 축하 따위를 하다. | 섞인 잡것을 없애기 위하여 떨어 놓은 곡식을 바람에 날리다. | 집에 문, 마루, 벽장, 광 따위를 만들거나 구조를 바꾸어 꾸미다. | 물건 팔기를 그만두고 가게 문을 닫다.",5,92688
relation-92735-1,어휘 관계,드리다,,동음이의 관계,"집에 문, 마루, 벽장, 광 따위를 만들거나 구조를 바꾸어 꾸미다.",아이들 방에 벽장을 드리다.,표준국어대사전 용례,"윗사람에게 그 사람을 높여 말이나, 인사, 부탁, 약속, 축하 따위를 하다. | 섞인 잡것을 없애기 위하여 떨어 놓은 곡식을 바람에 날리다. | 여러 가닥의 실이나 끈을 하나로 땋거나 꼬다. | 땋은 머리 끝에 댕기를 물리다. | 물건 팔기를 그만두고 가게 문을 닫다.",5,92735
relation-92736-1,어휘 관계,드리다,,동음이의 관계,물건 팔기를 그만두고 가게 문을 닫다.,열두 시에 가게를 드린다.,표준국어대사전 용례,"윗사람에게 그 사람을 높여 말이나, 인사, 부탁, 약속, 축하 따위를 하다. | 섞인 잡것을 없애기 위하여 떨어 놓은 곡식을 바람에 날리다. | 여러 가닥의 실이나 끈을 하나로 땋거나 꼬다. | 땋은 머리 끝에 댕기를 물리다. | 집에 문, 마루, 벽장, 광 따위를 만들거나 구조를 바꾸어 꾸미다.",4,92736
relation-93761-1,어휘 관계,들다,,다의 관계,밖에서 속이나 안으로 향해 가거나 오거나 하다.,사랑에 들다.,표준국어대사전 용례,,4,93761
relation-93761-3,어휘 관계,들다,,다의 관계,방이나 집 따위에 있거나 거처를 정해 머무르게 되다.,어제 호텔에 든 손님.,표준국어대사전 용례,,4,93761
relation-93761-5,어휘 관계,들다,,다의 관계,수면을 취하기 위한 장소에 가거나 오다.,이불 속에 들다.,표준국어대사전 용례,,4,93761
relation-93761-6,어휘 관계,들다,,다의 관계,"어떤 일에 돈, 시간, 노력, 물자 따위가 쓰이다.",잔치 음식에는 품이 많이 든다.,표준국어대사전 용례,,4,93761
relation-93761-7,어휘 관계,들다,,다의 관계,"물감, 색깔, 물기, 소금기가 스미거나 배다.",설악산에 단풍이 들다.,표준국어대사전 용례,,4,93761
relation-93761-8,어휘 관계,들다,,다의 관계,"어떤 범위나 기준, 또는 일정한 기간 안에 속하거나 포함되다.",반에서 5등 안에 들다.,표준국어대사전 용례,,4,93761
relation-93761-9,어휘 관계,들다,,다의 관계,안에 담기거나 그 일부를 이루다.,빵 속에 든 단팥.,표준국어대사전 용례,,"4,5",93761
confusable-417767-1,어휘 관계,들르다,,혼동하기 쉬운 어휘: 들리다 / 들이다 / 들르다,지나는 길에 잠깐 들어가 머무르다.,친구 집에 들르다.,표준국어대사전 용례,들리다: 사람이나 동물의 감각 기관을 통해 소리가 알아차려지다. ‘듣다01[1]「1」’의 피동사. | 들이다: 집 안에서 부릴 사람을 고용하다.,24,417767
confusable-417768-1,어휘 관계,들리다,,혼동하기 쉬운 어휘: 들리다 / 들이다 / 들르다,사람이나 동물의 감각 기관을 통해 소리가 알아차려지다. ‘듣다01[1]「1」’의 피동사.,어디서 음악 소리가 들린다.,표준국어대사전 용례,들이다: 집 안에서 부릴 사람을 고용하다. | 들르다: 지나는 길에 잠깐 들어가 머무르다.,24,417768
confusable-417753-7,어휘 관계,들이다,null,혼동하기 쉬운 어휘: 들리다 / 들이다 / 들르다,집 안에서 부릴 사람을 고용하다.,장사가 잘돼서 일꾼을 가게에 들였다.,표준국어대사전 용례,들리다: 사람이나 동물의 감각 기관을 통해 소리가 알아차려지다. ‘듣다01[1]「1」’의 피동사. | 들르다: 지나는 길에 잠깐 들어가 머무르다.,24,417753
confusable-98529-1,어휘 관계,때다,,혼동하기 쉬운 어휘: 때다 / 떼다,아궁이 따위에 불을 지피어 타게 하다.,아궁이에 장작을 때다.,표준국어대사전 용례,떼다: 붙어 있거나 잇닿은 것을 떨어지게 하다.,24,98529
confusable-418583-1,어휘 관계,떼다,,혼동하기 쉬운 어휘: 때다 / 떼다,붙어 있거나 잇닿은 것을 떨어지게 하다.,벽에서 벽보를 떼다.,표준국어대사전 용례,때다: 아궁이 따위에 불을 지피어 타게 하다.,24,418583
relation-414491-3,어휘 관계,뜨다,,동음이의어 안에서 다의 관계,어떤 곳에 담겨 있는 물건을 퍼내거나 덜어 내다.,어머니는 간장 항아리에서 간장을 뜨고 계셨다.,표준국어대사전 용례,물속이나 지면 따위에서 가라앉거나 내려앉지 않고 물 위나 공중에 있거나 위쪽으로 솟아오르다. | 착 달라붙지 않아 틈이 생기다. | 물기 있는 물체가 제 훈김으로 썩기 시작하다. | 누룩이나 메주 따위가 발효하다. | 병 따위로 얼굴빛이 누르고 살갗이 부은 것처럼 되다. | 다른 곳으로 가기 위하여 있던 곳에서 다른 곳으로 떠나다. | 실 따위로 코를 얽어서 무엇을 만들다.,6,414491
relation-414491-4,어휘 관계,뜨다,,동음이의어 안에서 다의 관계,수저 따위로 음식을 조금 먹다.,먼 길 가는데 아무리 바빠도 한술 뜨고 가거라.,표준국어대사전 용례,물속이나 지면 따위에서 가라앉거나 내려앉지 않고 물 위나 공중에 있거나 위쪽으로 솟아오르다. | 착 달라붙지 않아 틈이 생기다. | 물기 있는 물체가 제 훈김으로 썩기 시작하다. | 누룩이나 메주 따위가 발효하다. | 병 따위로 얼굴빛이 누르고 살갗이 부은 것처럼 되다. | 다른 곳으로 가기 위하여 있던 곳에서 다른 곳으로 떠나다. | 실 따위로 코를 얽어서 무엇을 만들다.,6,414491
relation-414491-6,어휘 관계,뜨다,,동음이의어 안에서 다의 관계,종이나 김 따위를 틀에 펴서 낱장으로 만들어 내다.,한지는 틀로 하나씩 떠서 말린다.,표준국어대사전 용례,물속이나 지면 따위에서 가라앉거나 내려앉지 않고 물 위나 공중에 있거나 위쪽으로 솟아오르다. | 착 달라붙지 않아 틈이 생기다. | 물기 있는 물체가 제 훈김으로 썩기 시작하다. | 누룩이나 메주 따위가 발효하다. | 병 따위로 얼굴빛이 누르고 살갗이 부은 것처럼 되다. | 다른 곳으로 가기 위하여 있던 곳에서 다른 곳으로 떠나다. | 실 따위로 코를 얽어서 무엇을 만들다.,6,414491
relation-414491-7,어휘 관계,뜨다,,동음이의어 안에서 다의 관계,피륙에서 옷감이 될 만큼 끊어 내다.,혼숫감으로 옷감을 떠 왔다.,표준국어대사전 용례,물속이나 지면 따위에서 가라앉거나 내려앉지 않고 물 위나 공중에 있거나 위쪽으로 솟아오르다. | 착 달라붙지 않아 틈이 생기다. | 물기 있는 물체가 제 훈김으로 썩기 시작하다. | 누룩이나 메주 따위가 발효하다. | 병 따위로 얼굴빛이 누르고 살갗이 부은 것처럼 되다. | 다른 곳으로 가기 위하여 있던 곳에서 다른 곳으로 떠나다. | 실 따위로 코를 얽어서 무엇을 만들다.,6,414491
relation-414839-1,어휘 관계,뜨다,,동음이의어 안에서 다의 관계,물속이나 지면 따위에서 가라앉거나 내려앉지 않고 물 위나 공중에 있거나 위쪽으로 솟아오르다.,종이배가 물에 뜨다.,표준국어대사전 용례,물기 있는 물체가 제 훈김으로 썩기 시작하다. | 누룩이나 메주 따위가 발효하다. | 병 따위로 얼굴빛이 누르고 살갗이 부은 것처럼 되다. | 다른 곳으로 가기 위하여 있던 곳에서 다른 곳으로 떠나다. | 어떤 곳에 담겨 있는 물건을 퍼내거나 덜어 내다. | 수저 따위로 음식을 조금 먹다. | 종이나 김 따위를 틀에 펴서 낱장으로 만들어 내다. | 피륙에서 옷감이 될 만큼 끊어 내다.,"4,5",414839
relation-414839-2,어휘 관계,뜨다,,동음이의어 안에서 다의 관계,착 달라붙지 않아 틈이 생기다.,풀칠이 잘못되어 도배지가 떴다.,표준국어대사전 용례,물기 있는 물체가 제 훈김으로 썩기 시작하다. | 누룩이나 메주 따위가 발효하다. | 병 따위로 얼굴빛이 누르고 살갗이 부은 것처럼 되다. | 다른 곳으로 가기 위하여 있던 곳에서 다른 곳으로 떠나다. | 어떤 곳에 담겨 있는 물건을 퍼내거나 덜어 내다. | 수저 따위로 음식을 조금 먹다. | 종이나 김 따위를 틀에 펴서 낱장으로 만들어 내다. | 피륙에서 옷감이 될 만큼 끊어 내다.,"4,5",414839
relation-98122-1,어휘 관계,뜨다,,동음이의어 안에서 다의 관계,물기 있는 물체가 제 훈김으로 썩기 시작하다.,퇴비가 뜨다.,표준국어대사전 용례,물속이나 지면 따위에서 가라앉거나 내려앉지 않고 물 위나 공중에 있거나 위쪽으로 솟아오르다. | 착 달라붙지 않아 틈이 생기다. | 다른 곳으로 가기 위하여 있던 곳에서 다른 곳으로 떠나다. | 어떤 곳에 담겨 있는 물건을 퍼내거나 덜어 내다. | 수저 따위로 음식을 조금 먹다. | 종이나 김 따위를 틀에 펴서 낱장으로 만들어 내다. | 피륙에서 옷감이 될 만큼 끊어 내다. | 실 따위로 코를 얽어서 무엇을 만들다.,5,98122
relation-98122-2,어휘 관계,뜨다,,동음이의어 안에서 다의 관계,누룩이나 메주 따위가 발효하다.,어두운 방에 들어서니 곰팡이 뜨는 냄새가 났다.,표준국어대사전 용례,물속이나 지면 따위에서 가라앉거나 내려앉지 않고 물 위나 공중에 있거나 위쪽으로 솟아오르다. | 착 달라붙지 않아 틈이 생기다. | 다른 곳으로 가기 위하여 있던 곳에서 다른 곳으로 떠나다. | 어떤 곳에 담겨 있는 물건을 퍼내거나 덜어 내다. | 수저 따위로 음식을 조금 먹다. | 종이나 김 따위를 틀에 펴서 낱장으로 만들어 내다. | 피륙에서 옷감이 될 만큼 끊어 내다. | 실 따위로 코를 얽어서 무엇을 만들다.,5,98122
relation-98122-3,어휘 관계,뜨다,,동음이의어 안에서 다의 관계,병 따위로 얼굴빛이 누르고 살갗이 부은 것처럼 되다.,부황이 들어 뜬 얼굴.,표준국어대사전 용례,물속이나 지면 따위에서 가라앉거나 내려앉지 않고 물 위나 공중에 있거나 위쪽으로 솟아오르다. | 착 달라붙지 않아 틈이 생기다. | 다른 곳으로 가기 위하여 있던 곳에서 다른 곳으로 떠나다. | 어떤 곳에 담겨 있는 물건을 퍼내거나 덜어 내다. | 수저 따위로 음식을 조금 먹다. | 종이나 김 따위를 틀에 펴서 낱장으로 만들어 내다. | 피륙에서 옷감이 될 만큼 끊어 내다. | 실 따위로 코를 얽어서 무엇을 만들다.,5,98122
relation-98123-1,어휘 관계,뜨다,,동음이의 관계,다른 곳으로 가기 위하여 있던 곳에서 다른 곳으로 떠나다.,고향에서 뜨다.,표준국어대사전 용례,물속이나 지면 따위에서 가라앉거나 내려앉지 않고 물 위나 공중에 있거나 위쪽으로 솟아오르다. | 착 달라붙지 않아 틈이 생기다. | 물기 있는 물체가 제 훈김으로 썩기 시작하다. | 누룩이나 메주 따위가 발효하다. | 병 따위로 얼굴빛이 누르고 살갗이 부은 것처럼 되다. | 어떤 곳에 담겨 있는 물건을 퍼내거나 덜어 내다. | 수저 따위로 음식을 조금 먹다. | 종이나 김 따위를 틀에 펴서 낱장으로 만들어 내다.,5,98123
relation-99592-1,어휘 관계,뜨다,,동음이의 관계,실 따위로 코를 얽어서 무엇을 만들다.,털실로 장갑을 떠서 선물하였다.,표준국어대사전 용례,물속이나 지면 따위에서 가라앉거나 내려앉지 않고 물 위나 공중에 있거나 위쪽으로 솟아오르다. | 착 달라붙지 않아 틈이 생기다. | 물기 있는 물체가 제 훈김으로 썩기 시작하다. | 누룩이나 메주 따위가 발효하다. | 병 따위로 얼굴빛이 누르고 살갗이 부은 것처럼 되다. | 다른 곳으로 가기 위하여 있던 곳에서 다른 곳으로 떠나다. | 어떤 곳에 담겨 있는 물건을 퍼내거나 덜어 내다. | 수저 따위로 음식을 조금 먹다.,6,99592
relation-418802-1,어휘 관계,마르다,,다의 관계,물기가 다 날아가서 없어지다.,날씨가 맑아 빨래가 잘 마른다.,표준국어대사전 용례,,"6,7",418802
relation-418802-2,어휘 관계,마르다,,다의 관계,입이나 목구멍에 물기가 적어져 갈증이 나다.,뜨거운 태양 아래서 달리기를 했더니 목이 몹시 마른다.,표준국어대사전 용례,,"6,7",418802
relation-418802-4,어휘 관계,마르다,,다의 관계,강이나 우물 따위의 물이 줄어 없어지다.,가뭄에도 이 우물은 마르지 않는다.,표준국어대사전 용례,,7,418802
relation-418802-5,어휘 관계,마르다,,다의 관계,돈이나 물건 따위가 다 쓰여 없어지다.,전투 수당 외에는 따로 돈이 나올 구멍이 없어 보이는데도 그의 주머니 속은 마르지 않았다.,표준국어대사전 용례,,7,418802
relation-418802-6,어휘 관계,마르다,,다의 관계,감정이나 열정 따위가 없어지다.,애정이 마르다.,표준국어대사전 용례,,7,418802
relation-111365-1,어휘 관계,맞다,,동음이의 관계,오는 사람이나 물건을 예의로 받아들이다.,현관에서 방문객을 맞다.,표준국어대사전 용례,"문제에 대한 답이 틀리지 아니하다. | 어떤 행동, 의견, 상황 따위가 다른 것과 서로 어긋나지 아니하고 같거나 어울리다. | 모습, 분위기, 취향 따위가 다른 것에 잘 어울리다.",6,111365
relation-420703-1,어휘 관계,맞다,,동음이의어 안에서 다의 관계,문제에 대한 답이 틀리지 아니하다.,네 답이 맞는다.,표준국어대사전 용례,오는 사람이나 물건을 예의로 받아들이다.,7,420703
relation-420703-8,어휘 관계,맞다,,동음이의어 안에서 다의 관계,"어떤 행동, 의견, 상황 따위가 다른 것과 서로 어긋나지 아니하고 같거나 어울리다.",만일 내 동작이 다른 사람들과 맞지 않으면 관중이 웃을 것이다.,표준국어대사전 용례,오는 사람이나 물건을 예의로 받아들이다.,7,420703
relation-420703-9,어휘 관계,맞다,,동음이의어 안에서 다의 관계,"모습, 분위기, 취향 따위가 다른 것에 잘 어울리다.",그것은 나의 분위기와는 절대로 맞지 않는다.,표준국어대사전 용례,오는 사람이나 물건을 예의로 받아들이다.,7,420703
relation-423767-1,어휘 관계,매다,,다의 관계,끈이나 줄 따위의 두 끝을 엇걸고 잡아당기어 풀어지지 아니하게 마디를 만들다.,신발 끈을 매다.,표준국어대사전 용례,,6,423767
relation-423767-10,어휘 관계,매다,,다의 관계,일정한 기준에 따라 사물의 값이나 등수 따위를 정하다.,상품에 값을 매다.,표준국어대사전 용례,,"6,7",423767
relation-423767-2,어휘 관계,매다,,다의 관계,끈이나 줄 따위로 꿰매거나 동이거나 하여 무엇을 만들다.,붓을 매다.,표준국어대사전 용례,,6,423767
relation-423767-4,어휘 관계,매다,,다의 관계,옷감을 짜기 위하여 날아 놓은 날실에 풀을 먹이고 고루 다듬어 말리어 감다.,베를 매다.,표준국어대사전 용례,,6,423767
relation-423767-5,어휘 관계,매다,,다의 관계,끈이나 줄 따위를 몸에 두르거나 감아 잘 풀어지지 아니하게 마디를 만들다.,전대를 허리에 매다.,표준국어대사전 용례,,6,423767
relation-423767-6,어휘 관계,매다,,다의 관계,달아나지 못하도록 고정된 것에 끈이나 줄 따위로 잇대어 묶다.,소를 말뚝에 매다.,표준국어대사전 용례,,"6,7",423767
relation-423767-9,어휘 관계,매다,,다의 관계,(비유적으로) 어떤 데에서 떠나지 못하고 딸리어 있다.,형은 그 일에 목을 매고 있다.,표준국어대사전 용례,,"6,7",423767
relation-114608-1,어휘 관계,먹다,,동음이의 관계,귀나 코가 막혀서 제 기능을 하지 못하게 되다. 또는 그렇게 되게 하다.,코 먹은 소리를 내다.,표준국어대사전 용례,"연기나 가스 따위를 들이마시다. | 일정한 나이에 이르거나 나이를 더하다. | 욕, 핀잔 따위를 듣거나 당하다. | 수익이나 이문을 차지하여 가지다. | 물이나 습기 따위를 빨아들이다. | 어떤 등급을 차지하거나 점수를 따다. | 날이 있는 도구가 소재를 깎거나 자르거나 갈거나 하는 작용을 하다. | 바르는 물질이 배어들거나 고루 퍼지다.",7,114608
relation-425031-10,어휘 관계,먹다,,동음이의어 안에서 다의 관계,물이나 습기 따위를 빨아들이다.,기름 먹은 종이.,표준국어대사전 용례,귀나 코가 막혀서 제 기능을 하지 못하게 되다. 또는 그렇게 되게 하다.,8,425031
relation-425031-11,어휘 관계,먹다,,동음이의어 안에서 다의 관계,어떤 등급을 차지하거나 점수를 따다.,1등을 먹다.,표준국어대사전 용례,귀나 코가 막혀서 제 기능을 하지 못하게 되다. 또는 그렇게 되게 하다.,8,425031
relation-425031-16,어휘 관계,먹다,,동음이의어 안에서 다의 관계,날이 있는 도구가 소재를 깎거나 자르거나 갈거나 하는 작용을 하다.,이 고기에는 칼이 잘 먹지 않는다.,표준국어대사전 용례,귀나 코가 막혀서 제 기능을 하지 못하게 되다. 또는 그렇게 되게 하다.,8,425031
relation-425031-17,어휘 관계,먹다,,동음이의어 안에서 다의 관계,바르는 물질이 배어들거나 고루 퍼지다.,옷감에 풀이 잘 먹어야 다림질하기가 좋다.,표준국어대사전 용례,귀나 코가 막혀서 제 기능을 하지 못하게 되다. 또는 그렇게 되게 하다.,8,425031
relation-425031-18,어휘 관계,먹다,,동음이의어 안에서 다의 관계,"벌레, 균 따위가 파 들어가거나 퍼지다.",사과에 벌레가 많이 먹었다.,표준국어대사전 용례,귀나 코가 막혀서 제 기능을 하지 못하게 되다. 또는 그렇게 되게 하다.,8,425031
relation-425031-19,어휘 관계,먹다,,동음이의어 안에서 다의 관계,돈이나 물자 따위가 들거나 쓰이다.,공사에 철근이 생각보다 많이 먹어 걱정이다.,표준국어대사전 용례,귀나 코가 막혀서 제 기능을 하지 못하게 되다. 또는 그렇게 되게 하다.,"8,9",425031
relation-425031-3,어휘 관계,먹다,,동음이의어 안에서 다의 관계,연기나 가스 따위를 들이마시다.,연탄가스를 먹다.,표준국어대사전 용례,귀나 코가 막혀서 제 기능을 하지 못하게 되다. 또는 그렇게 되게 하다.,7,425031
relation-425031-5,어휘 관계,먹다,,동음이의어 안에서 다의 관계,일정한 나이에 이르거나 나이를 더하다.,네 살 먹은 아이.,표준국어대사전 용례,귀나 코가 막혀서 제 기능을 하지 못하게 되다. 또는 그렇게 되게 하다.,7,425031
relation-425031-7,어휘 관계,먹다,,동음이의어 안에서 다의 관계,"욕, 핀잔 따위를 듣거나 당하다.",하루 종일 욕만 되게 먹었네.,표준국어대사전 용례,귀나 코가 막혀서 제 기능을 하지 못하게 되다. 또는 그렇게 되게 하다.,8,425031
relation-425031-9,어휘 관계,먹다,,동음이의어 안에서 다의 관계,수익이나 이문을 차지하여 가지다.,남은 이익은 모두 네가 먹어라.,표준국어대사전 용례,귀나 코가 막혀서 제 기능을 하지 못하게 되다. 또는 그렇게 되게 하다.,8,425031
relation-421703-2,어휘 관계,멀다,,다의 관계,(비유적으로) 어떤 생각에 빠져 판단력을 잃다.,그들은 돈에 눈이 멀어 이런 범죄를 저질렀던 것이다.,표준국어대사전 용례,,"8,9",421703
relation-424557-1,어휘 관계,묻다,,동음이의어 안에서 다의 관계,물건을 흙이나 다른 물건 속에 넣어 보이지 않게 쌓아 덮다.,야산에 시체를 묻다.,표준국어대사전 용례,"가루, 풀, 물 따위가 그보다 큰 다른 물체에 들러붙거나 흔적이 남게 되다.",9,424557
relation-424557-2,어휘 관계,묻다,,동음이의어 안에서 다의 관계,일을 드러내지 아니하고 속 깊이 숨기어 감추다.,가슴속에 비밀을 묻다.,표준국어대사전 용례,"가루, 풀, 물 따위가 그보다 큰 다른 물체에 들러붙거나 흔적이 남게 되다.",9,424557
relation-424557-3,어휘 관계,묻다,,동음이의어 안에서 다의 관계,얼굴을 수그려 손으로 감싸거나 다른 물체에 가리듯 기대다.,베개에 얼굴을 묻다.,표준국어대사전 용례,"가루, 풀, 물 따위가 그보다 큰 다른 물체에 들러붙거나 흔적이 남게 되다.",8,424557
relation-424557-4,어휘 관계,묻다,,동음이의어 안에서 다의 관계,의자나 이불 같은 데에 몸을 깊이 기대다.,지친 몸을 침대에 묻다.,표준국어대사전 용례,"가루, 풀, 물 따위가 그보다 큰 다른 물체에 들러붙거나 흔적이 남게 되다.",8,424557
relation-424772-1,어휘 관계,묻다,,동음이의 관계,"가루, 풀, 물 따위가 그보다 큰 다른 물체에 들러붙거나 흔적이 남게 되다.",손에 기름이 묻다.,표준국어대사전 용례,물건을 흙이나 다른 물건 속에 넣어 보이지 않게 쌓아 덮다. | 일을 드러내지 아니하고 속 깊이 숨기어 감추다. | 얼굴을 수그려 손으로 감싸거나 다른 물체에 가리듯 기대다. | 의자나 이불 같은 데에 몸을 깊이 기대다.,9,424772
relation-127017-2,어휘 관계,물다,,동음이의 관계,남에게 입힌 손해를 돈으로 갚아 주거나 본래의 상태로 해 주다.,차 주인에게 손해를 물다.,표준국어대사전 용례,"윗니나 아랫니 또는 양 입술 사이에 끼운 상태로 떨어지거나 빠져나가지 않도록 다소 세게 누르다. | 윗니와 아랫니 사이에 끼운 상태로 상처가 날 만큼 세게 누르다. | 이, 빈대, 모기 따위의 벌레가 주둥이 끝으로 살을 찌르다. | (속되게) 이익이 되는 어떤 것이나 사람을 차지하다.","8,9",127017
relation-429259-1,어휘 관계,물다,,동음이의어 안에서 다의 관계,윗니나 아랫니 또는 양 입술 사이에 끼운 상태로 떨어지거나 빠져나가지 않도록 다소 세게 누르다.,담배를 물다.,표준국어대사전 용례,남에게 입힌 손해를 돈으로 갚아 주거나 본래의 상태로 해 주다.,8,429259
relation-429259-2,어휘 관계,물다,,동음이의어 안에서 다의 관계,윗니와 아랫니 사이에 끼운 상태로 상처가 날 만큼 세게 누르다.,입술을 물다.,표준국어대사전 용례,남에게 입힌 손해를 돈으로 갚아 주거나 본래의 상태로 해 주다.,8,429259
relation-429259-3,어휘 관계,물다,,동음이의어 안에서 다의 관계,"이, 빈대, 모기 따위의 벌레가 주둥이 끝으로 살을 찌르다.",모기가 옷을 뚫고 팔을 마구 물어 대었다.,표준국어대사전 용례,남에게 입힌 손해를 돈으로 갚아 주거나 본래의 상태로 해 주다.,8,429259
relation-429259-4,어휘 관계,물다,,동음이의어 안에서 다의 관계,(속되게) 이익이 되는 어떤 것이나 사람을 차지하다.,그는 돈 많은 사장 딸을 물었다.,표준국어대사전 용례,남에게 입힌 손해를 돈으로 갚아 주거나 본래의 상태로 해 주다.,8,429259
relation-431438-1,어휘 관계,밀다,,다의 관계,일정한 방향으로 움직이도록 반대쪽에서 힘을 가하다.,수레를 뒤에서 밀다.,표준국어대사전 용례,,"8,9",431438
relation-431438-10,어휘 관계,밀다,,다의 관계,특정한 지위를 차지하도록 내세우거나 지지하다.,그를 반장으로 밀었다.,표준국어대사전 용례,,9,431438
relation-431438-2,어휘 관계,밀다,,다의 관계,나무 따위의 거친 표면을 반반하고 매끄럽게 깎다.,대패로 통나무를 밀다.,표준국어대사전 용례,,"8,9",431438
relation-431438-3,어휘 관계,밀다,,다의 관계,머리카락이나 털 따위를 매우 짧게 깎다.,수염을 밀다.,표준국어대사전 용례,,"8,9",431438
relation-431438-4,어휘 관계,밀다,,다의 관계,피부에 묻은 지저분한 것을 문질러 벗겨 내다.,때를 밀다.,표준국어대사전 용례,,9,431438
relation-431438-5,어휘 관계,밀다,,다의 관계,허물어 옮기거나 깎아 없애다.,불도저로 야산을 밀다.,표준국어대사전 용례,,9,431438
relation-431438-7,어휘 관계,밀다,,다의 관계,바닥이 반반해지도록 연장을 누르면서 문지르다.,롤러로 운동장을 밀다.,표준국어대사전 용례,,9,431438
relation-132982-1,어휘 관계,바르다,,동음이의어 안에서 다의 관계,겉으로 보기에 비뚤어지거나 굽은 데가 없다.,길이 바르다.,표준국어대사전 용례,"풀칠한 종이나 헝겊 따위를 다른 물건의 표면에 고루 붙이다. | 차지게 이긴 흙 따위를 다른 물체의 표면에 고르게 덧붙이다. | 물이나 풀, 약, 화장품 따위를 물체의 표면에 문질러 묻히다.",10,132982
relation-132982-2,어휘 관계,바르다,,동음이의어 안에서 다의 관계,말이나 행동 따위가 사회적인 규범이나 사리에 어긋나지 아니하고 들어맞다.,생각이 바른 사람.,표준국어대사전 용례,"풀칠한 종이나 헝겊 따위를 다른 물건의 표면에 고루 붙이다. | 차지게 이긴 흙 따위를 다른 물체의 표면에 고르게 덧붙이다. | 물이나 풀, 약, 화장품 따위를 물체의 표면에 문질러 묻히다.",10,132982
relation-426600-1,어휘 관계,바르다,,동음이의어 안에서 다의 관계,풀칠한 종이나 헝겊 따위를 다른 물건의 표면에 고루 붙이다.,벽지를 벽에 바르다.,표준국어대사전 용례,겉으로 보기에 비뚤어지거나 굽은 데가 없다. | 말이나 행동 따위가 사회적인 규범이나 사리에 어긋나지 아니하고 들어맞다.,10,426600
relation-426600-2,어휘 관계,바르다,,동음이의어 안에서 다의 관계,차지게 이긴 흙 따위를 다른 물체의 표면에 고르게 덧붙이다.,흙을 벽에 바르다.,표준국어대사전 용례,겉으로 보기에 비뚤어지거나 굽은 데가 없다. | 말이나 행동 따위가 사회적인 규범이나 사리에 어긋나지 아니하고 들어맞다.,10,426600
relation-426600-3,어휘 관계,바르다,,동음이의어 안에서 다의 관계,"물이나 풀, 약, 화장품 따위를 물체의 표면에 문질러 묻히다.",상처에 약을 바르다.,표준국어대사전 용례,겉으로 보기에 비뚤어지거나 굽은 데가 없다. | 말이나 행동 따위가 사회적인 규범이나 사리에 어긋나지 아니하고 들어맞다.,10,426600
relation-136970-2,어휘 관계,배다,,동음이의어 안에서 다의 관계,식물의 줄기 속에 이삭이 생기다. 또는 이삭을 가지다.,벼 포기에 이삭이 벌써 배었다.,표준국어대사전 용례,"냄새가 스며들어 오래도록 남아 있다. | 느낌, 생각 따위가 깊이 느껴지거나 오래 남아 있다. | 물건의 사이가 비좁거나 촘촘하다.","10,11",136970
relation-136970-3,어휘 관계,배다,,동음이의어 안에서 다의 관계,물고기 따위의 배 속에 알이 들다. 또는 알을 가지다.,잡은 고기에 알이 배어 있었다.,표준국어대사전 용례,"냄새가 스며들어 오래도록 남아 있다. | 느낌, 생각 따위가 깊이 느껴지거나 오래 남아 있다. | 물건의 사이가 비좁거나 촘촘하다.",11,136970
relation-136970-4,어휘 관계,배다,,동음이의어 안에서 다의 관계,사람의 근육에 뭉친 것과 같은 것이 생기다.,계단을 오르락내리락했더니 다리에 알이 뱄다.,표준국어대사전 용례,"냄새가 스며들어 오래도록 남아 있다. | 느낌, 생각 따위가 깊이 느껴지거나 오래 남아 있다. | 물건의 사이가 비좁거나 촘촘하다.",11,136970
relation-136971-1,어휘 관계,배다,,동음이의 관계,물건의 사이가 비좁거나 촘촘하다.,그물코가 배다.,표준국어대사전 용례,"냄새가 스며들어 오래도록 남아 있다. | 느낌, 생각 따위가 깊이 느껴지거나 오래 남아 있다. | 식물의 줄기 속에 이삭이 생기다. 또는 이삭을 가지다. | 물고기 따위의 배 속에 알이 들다. 또는 알을 가지다. | 사람의 근육에 뭉친 것과 같은 것이 생기다.",11,136971
relation-430067-3,어휘 관계,배다,,동음이의어 안에서 다의 관계,냄새가 스며들어 오래도록 남아 있다.,담배 냄새가 옷에 배었다.,표준국어대사전 용례,식물의 줄기 속에 이삭이 생기다. 또는 이삭을 가지다. | 물고기 따위의 배 속에 알이 들다. 또는 알을 가지다. | 사람의 근육에 뭉친 것과 같은 것이 생기다. | 물건의 사이가 비좁거나 촘촘하다.,"10,11",430067
relation-430067-4,어휘 관계,배다,,동음이의어 안에서 다의 관계,"느낌, 생각 따위가 깊이 느껴지거나 오래 남아 있다.",농악에는 우리 민족의 정서가 배어 있다.,표준국어대사전 용례,식물의 줄기 속에 이삭이 생기다. 또는 이삭을 가지다. | 물고기 따위의 배 속에 알이 들다. 또는 알을 가지다. | 사람의 근육에 뭉친 것과 같은 것이 생기다. | 물건의 사이가 비좁거나 촘촘하다.,"10,11",430067
relation-429707-1,어휘 관계,베다,,동음이의 관계,"누울 때, 베개 따위를 머리 아래에 받치다.",베개를 베다.,표준국어대사전 용례,날이 있는 연장 따위로 무엇을 끊거나 자르거나 가르다. | 날이 있는 물건으로 상처를 내다.,11,429707
relation-429852-1,어휘 관계,베다,,동음이의어 안에서 다의 관계,날이 있는 연장 따위로 무엇을 끊거나 자르거나 가르다.,낫으로 벼를 베다.,표준국어대사전 용례,"누울 때, 베개 따위를 머리 아래에 받치다.",10,429852
relation-429852-2,어휘 관계,베다,,동음이의어 안에서 다의 관계,날이 있는 물건으로 상처를 내다.,칼로 살을 베다.,표준국어대사전 용례,"누울 때, 베개 따위를 머리 아래에 받치다.",10,429852
relation-149229-1,어휘 관계,보다,,다의 관계,눈으로 대상의 존재나 형태적 특징을 알다.,잡지에서 난생처음 보는 단어를 발견하였다.,표준국어대사전 용례,,"22,23",149229
relation-149229-11,어휘 관계,보다,,다의 관계,어떤 결과나 관계를 맺기에 이르다.,끝장을 보다.,표준국어대사전 용례,,23,149229
relation-149229-12,어휘 관계,보다,,다의 관계,음식상이나 잠자리 따위를 채비하다.,어머니는 술상을 보느라 바쁘시다.,표준국어대사전 용례,,22,149229
relation-149229-13,어휘 관계,보다,,다의 관계,(완곡한 표현으로) 대소변을 누다.,대변을 보다.,표준국어대사전 용례,,22,149229
relation-149229-14,어휘 관계,보다,,다의 관계,어떤 관계의 사람을 얻거나 맞다.,며느리를 보다.,표준국어대사전 용례,,22,149229
relation-149229-16,어휘 관계,보다,,다의 관계,어떤 일을 당하거나 겪거나 얻어 가지다.,이익을 보다.,표준국어대사전 용례,,22,149229
relation-149229-19,어휘 관계,보다,,다의 관계,음식 맛이나 간을 알기 위하여 시험 삼아 조금 먹다.,찌개 맛 좀 봐 주세요.,표준국어대사전 용례,,22,149229
relation-149229-2,어휘 관계,보다,,다의 관계,눈으로 대상을 즐기거나 감상하다.,영화를 보다.,표준국어대사전 용례,,"22,23",149229
relation-149229-20,어휘 관계,보다,,다의 관계,남의 결점 따위를 들추어 말하다.,다른 사람의 흉을 보다.,표준국어대사전 용례,,"22,23",149229
relation-149229-21,어휘 관계,보다,,다의 관계,남의 결점이나 약점 따위를 발견하다.,남의 단점을 보기는 쉬우나 자기의 단점을 보기는 어렵다.,표준국어대사전 용례,,22,149229
relation-149229-23,어휘 관계,보다,,다의 관계,"땅, 집, 물건 따위를 사기 위하여 살피다.",집을 보러 다니다.,표준국어대사전 용례,,"22,23",149229
relation-149229-25,어휘 관계,보다,,다의 관계,고려의 대상이나 판단의 기초로 삼다.,너를 보고 하는 말이 아니야.,표준국어대사전 용례,,"22,23",149229
relation-149229-29,어휘 관계,보다,,다의 관계,어떤 행동을 시험 삼아 함을 나타내는 말.,먹어 보다.,표준국어대사전 용례,,23,149229
relation-149229-30,어휘 관계,보다,,다의 관계,어떤 일을 경험함을 나타내는 말.,이런 일을 당해 보지 않은 사람은 내 심정을 모른다.,표준국어대사전 용례,,23,149229
relation-149229-31,어휘 관계,보다,,다의 관계,"앞말이 뜻하는 행동을 하고 난 후에 뒷말이 뜻하는 사실을 새로 깨닫게 되거나, 뒷말이 뜻하는 상태로 됨을 나타내는 말.",마구 때리고 보니 아무리 악인이지만 너무 했다는 생각이 들었다.,표준국어대사전 용례,,23,149229
relation-149229-32,어휘 관계,보다,,다의 관계,"앞말이 뜻하는 행동을 하는 과정에서 뒷말이 뜻하는 사실을 새로 깨닫게 되거나, 뒷말이 뜻하는 상태로 됨을 나타내는 말.",오래 살다 보니 이런 좋은 일도 있네.,표준국어대사전 용례,,23,149229
relation-149229-33,어휘 관계,보다,,다의 관계,앞말이 뜻하는 행동이나 상태를 추측하거나 어렴풋이 인식하고 있음을 나타내는 말.,식구들이 모두 집에 돌아왔나 보다.,표준국어대사전 용례,,24,149229
relation-149229-34,어휘 관계,보다,,다의 관계,앞말이 뜻하는 행동을 할 의도를 가지고 있음을 나타내는 말.,외국으로 떠나 버릴까 보다.,표준국어대사전 용례,,24,149229
relation-149229-35,어휘 관계,보다,,다의 관계,앞말이 뜻하는 상황이 될 것 같아 걱정하거나 두려워함을 나타내는 말.,야단맞을까 봐 얘기도 못 꺼냈어.,표준국어대사전 용례,,24,149229
relation-149229-36,어휘 관계,보다,,다의 관계,앞말이 뜻하는 상태가 뒷말의 이유나 원인이 됨을 나타내는 말.,돌이 워낙 무겁다 보니 혼자서 들 수가 없었다.,표준국어대사전 용례,,24,149229
relation-149229-4,어휘 관계,보다,,다의 관계,대상의 내용이나 상태를 알기 위하여 살피다.,시계를 보다.,표준국어대사전 용례,,"22,23",149229
relation-149229-7,어휘 관계,보다,,다의 관계,상대편의 형편 따위를 헤아리다.,너를 보아 내가 참아야지.,표준국어대사전 용례,,23,149229
relation-149229-9,어휘 관계,보다,,다의 관계,자신의 실력이 나타나도록 치르다.,시험 잘 봤니?,표준국어대사전 용례,,23,149229
relation-432614-6,어휘 관계,부르다,,다의 관계,구호나 만세 따위를 소리 내어 외치다.,만세를 부르다.,표준국어대사전 용례,,1,432614
relation-432614-8,어휘 관계,부르다,,다의 관계,어떤 행동이나 말이 관련된 다른 일이나 상황을 초래하다.,화는 또 다른 화를 부른다.,표준국어대사전 용례,,1,432614
relation-159011-1,어휘 관계,붓다,,동음이의어 안에서 다의 관계,살가죽이나 어떤 기관이 부풀어 오르다.,얼굴이 붓다.,표준국어대사전 용례,"액체나 가루 따위를 다른 곳에 담다. | 모종을 내기 위하여 씨앗을 많이 뿌리다. | 불입금, 이자, 곗돈 따위를 일정한 기간마다 내다. | 시선을 한곳에 모으면서 바라보다.",10,159011
relation-159011-2,어휘 관계,붓다,,동음이의어 안에서 다의 관계,(속되게) 성이 나서 뾰로통해지다.,왜 잔뜩 부어 있나?,표준국어대사전 용례,"액체나 가루 따위를 다른 곳에 담다. | 모종을 내기 위하여 씨앗을 많이 뿌리다. | 불입금, 이자, 곗돈 따위를 일정한 기간마다 내다. | 시선을 한곳에 모으면서 바라보다.",10,159011
relation-437210-1,어휘 관계,붓다,,동음이의어 안에서 다의 관계,액체나 가루 따위를 다른 곳에 담다.,자루에 밀가루를 붓다.,표준국어대사전 용례,살가죽이나 어떤 기관이 부풀어 오르다. | (속되게) 성이 나서 뾰로통해지다.,10,437210
relation-437210-2,어휘 관계,붓다,,동음이의어 안에서 다의 관계,모종을 내기 위하여 씨앗을 많이 뿌리다.,모판에 볍씨를 붓다.,표준국어대사전 용례,살가죽이나 어떤 기관이 부풀어 오르다. | (속되게) 성이 나서 뾰로통해지다.,10,437210
relation-437210-3,어휘 관계,붓다,,동음이의어 안에서 다의 관계,"불입금, 이자, 곗돈 따위를 일정한 기간마다 내다.",은행에 적금을 붓다.,표준국어대사전 용례,살가죽이나 어떤 기관이 부풀어 오르다. | (속되게) 성이 나서 뾰로통해지다.,"10,11",437210
relation-437210-4,어휘 관계,붓다,,동음이의어 안에서 다의 관계,시선을 한곳에 모으면서 바라보다.,소년은 수평선에 눈을 부은 채 움직이지 않았다.,표준국어대사전 용례,살가죽이나 어떤 기관이 부풀어 오르다. | (속되게) 성이 나서 뾰로통해지다.,"10,11",437210
relation-168532-1,어휘 관계,빌다,,동음이의 관계,남의 물건을 공짜로 달라고 호소하여 얻다.,이웃에게 양식을 빌다.,표준국어대사전 용례,"바라는 바를 이루게 하여 달라고 신이나 사람, 사물 따위에 간청하다. | 잘못을 용서하여 달라고 호소하다.",12,168532
relation-438141-1,어휘 관계,빌다,,동음이의어 안에서 다의 관계,"바라는 바를 이루게 하여 달라고 신이나 사람, 사물 따위에 간청하다.",소녀는 하늘에 소원을 빌었다.,표준국어대사전 용례,남의 물건을 공짜로 달라고 호소하여 얻다.,11,438141
relation-438141-2,어휘 관계,빌다,,동음이의어 안에서 다의 관계,잘못을 용서하여 달라고 호소하다.,학생은 무릎을 꿇고 선생님께 용서를 빌었다.,표준국어대사전 용례,남의 물건을 공짜로 달라고 호소하여 얻다.,11,438141
relation-438190-1,어휘 관계,빠지다,,동음이의어 안에서 다의 관계,박힌 물건이 제자리에서 나오다.,책상 다리에서 못이 빠지다.,표준국어대사전 용례,물이나 구덩이 따위 속으로 떨어져 잠기거나 잠겨 들어가다. | 그럴듯한 말이나 꾐에 속아 넘어가다. | 잠이나 혼수상태에 들게 되다. | 무엇에 정신이 아주 쏠리어 헤어나지 못하다.,12,438190
relation-438190-11,어휘 관계,빠지다,,동음이의어 안에서 다의 관계,일정한 곳에서 다른 데로 벗어나다.,샛길로 빠지다.,표준국어대사전 용례,물이나 구덩이 따위 속으로 떨어져 잠기거나 잠겨 들어가다. | 그럴듯한 말이나 꾐에 속아 넘어가다. | 잠이나 혼수상태에 들게 되다. | 무엇에 정신이 아주 쏠리어 헤어나지 못하다.,"12,13",438190
relation-438190-12,어휘 관계,빠지다,,동음이의어 안에서 다의 관계,생김새가 미끈하게 균형이 잡히다.,다리가 미끈하게 빠지다.,표준국어대사전 용례,물이나 구덩이 따위 속으로 떨어져 잠기거나 잠겨 들어가다. | 그럴듯한 말이나 꾐에 속아 넘어가다. | 잠이나 혼수상태에 들게 되다. | 무엇에 정신이 아주 쏠리어 헤어나지 못하다.,"12,13",438190
relation-438190-13,어휘 관계,빠지다,,동음이의어 안에서 다의 관계,남이나 다른 것에 비해 뒤떨어지거나 모자라다.,그의 실력은 절대로 다른 경쟁자들에게 빠지지 않는다.,표준국어대사전 용례,물이나 구덩이 따위 속으로 떨어져 잠기거나 잠겨 들어가다. | 그럴듯한 말이나 꾐에 속아 넘어가다. | 잠이나 혼수상태에 들게 되다. | 무엇에 정신이 아주 쏠리어 헤어나지 못하다.,"12,13",438190
relation-438190-3,어휘 관계,빠지다,,동음이의어 안에서 다의 관계,원래 있어야 할 것에서 모자라다.,구백 원만 있다면 천 원에서 백 원이 빠지는 셈이구나.,표준국어대사전 용례,물이나 구덩이 따위 속으로 떨어져 잠기거나 잠겨 들어가다. | 그럴듯한 말이나 꾐에 속아 넘어가다. | 잠이나 혼수상태에 들게 되다. | 무엇에 정신이 아주 쏠리어 헤어나지 못하다.,12,438190
relation-438190-4,어휘 관계,빠지다,,동음이의어 안에서 다의 관계,속에 있는 액체나 기체 또는 냄새 따위가 밖으로 새어 나가거나 흘러 나가다.,방에 냄새가 빠지다.,표준국어대사전 용례,물이나 구덩이 따위 속으로 떨어져 잠기거나 잠겨 들어가다. | 그럴듯한 말이나 꾐에 속아 넘어가다. | 잠이나 혼수상태에 들게 되다. | 무엇에 정신이 아주 쏠리어 헤어나지 못하다.,12,438190
relation-438190-5,어휘 관계,빠지다,,동음이의어 안에서 다의 관계,"때, 빛깔 따위가 씻기거나 없어지다.",옷에 때가 쑥 빠지다.,표준국어대사전 용례,물이나 구덩이 따위 속으로 떨어져 잠기거나 잠겨 들어가다. | 그럴듯한 말이나 꾐에 속아 넘어가다. | 잠이나 혼수상태에 들게 되다. | 무엇에 정신이 아주 쏠리어 헤어나지 못하다.,12,438190
relation-438190-6,어휘 관계,빠지다,,동음이의어 안에서 다의 관계,차례를 거르거나 일정하게 들어 있어야 할 곳에 들어 있지 아니하다.,이 책에는 중요한 내용이 빠져 있다.,표준국어대사전 용례,물이나 구덩이 따위 속으로 떨어져 잠기거나 잠겨 들어가다. | 그럴듯한 말이나 꾐에 속아 넘어가다. | 잠이나 혼수상태에 들게 되다. | 무엇에 정신이 아주 쏠리어 헤어나지 못하다.,12,438190
relation-438190-7,어휘 관계,빠지다,,동음이의어 안에서 다의 관계,정신이나 기운이 줄거나 없어지다.,그 말을 들으니 다리에 기운이 빠져서 서 있을 수가 없었다.,표준국어대사전 용례,물이나 구덩이 따위 속으로 떨어져 잠기거나 잠겨 들어가다. | 그럴듯한 말이나 꾐에 속아 넘어가다. | 잠이나 혼수상태에 들게 되다. | 무엇에 정신이 아주 쏠리어 헤어나지 못하다.,"12,13",438190
relation-438190-8,어휘 관계,빠지다,,동음이의어 안에서 다의 관계,어떤 일이나 모임에 참여하지 아니하다.,동창회에 빠지다.,표준국어대사전 용례,물이나 구덩이 따위 속으로 떨어져 잠기거나 잠겨 들어가다. | 그럴듯한 말이나 꾐에 속아 넘어가다. | 잠이나 혼수상태에 들게 되다. | 무엇에 정신이 아주 쏠리어 헤어나지 못하다.,"12,13",438190
relation-438190-9,어휘 관계,빠지다,,동음이의어 안에서 다의 관계,그릇이나 신발 따위의 밑바닥이 떨어져 나가다.,구두가 밑창이 빠지다.,표준국어대사전 용례,물이나 구덩이 따위 속으로 떨어져 잠기거나 잠겨 들어가다. | 그럴듯한 말이나 꾐에 속아 넘어가다. | 잠이나 혼수상태에 들게 되다. | 무엇에 정신이 아주 쏠리어 헤어나지 못하다.,"12,13",438190
relation-438207-1,어휘 관계,빠지다,,동음이의어 안에서 다의 관계,물이나 구덩이 따위 속으로 떨어져 잠기거나 잠겨 들어가다.,개울에 빠지다.,표준국어대사전 용례,"박힌 물건이 제자리에서 나오다. | 원래 있어야 할 것에서 모자라다. | 속에 있는 액체나 기체 또는 냄새 따위가 밖으로 새어 나가거나 흘러 나가다. | 때, 빛깔 따위가 씻기거나 없어지다. | 차례를 거르거나 일정하게 들어 있어야 할 곳에 들어 있지 아니하다. | 정신이나 기운이 줄거나 없어지다. | 어떤 일이나 모임에 참여하지 아니하다. | 그릇이나 신발 따위의 밑바닥이 떨어져 나가다.",13,438207
relation-438207-3,어휘 관계,빠지다,,동음이의어 안에서 다의 관계,그럴듯한 말이나 꾐에 속아 넘어가다.,유혹에 빠지다.,표준국어대사전 용례,"박힌 물건이 제자리에서 나오다. | 원래 있어야 할 것에서 모자라다. | 속에 있는 액체나 기체 또는 냄새 따위가 밖으로 새어 나가거나 흘러 나가다. | 때, 빛깔 따위가 씻기거나 없어지다. | 차례를 거르거나 일정하게 들어 있어야 할 곳에 들어 있지 아니하다. | 정신이나 기운이 줄거나 없어지다. | 어떤 일이나 모임에 참여하지 아니하다. | 그릇이나 신발 따위의 밑바닥이 떨어져 나가다.",13,438207
relation-438207-4,어휘 관계,빠지다,,동음이의어 안에서 다의 관계,잠이나 혼수상태에 들게 되다.,그는 너무나 깊은 잠에 빠져서 일어날 줄을 모른다.,표준국어대사전 용례,"박힌 물건이 제자리에서 나오다. | 원래 있어야 할 것에서 모자라다. | 속에 있는 액체나 기체 또는 냄새 따위가 밖으로 새어 나가거나 흘러 나가다. | 때, 빛깔 따위가 씻기거나 없어지다. | 차례를 거르거나 일정하게 들어 있어야 할 곳에 들어 있지 아니하다. | 정신이나 기운이 줄거나 없어지다. | 어떤 일이나 모임에 참여하지 아니하다. | 그릇이나 신발 따위의 밑바닥이 떨어져 나가다.",13,438207
relation-438207-5,어휘 관계,빠지다,,동음이의어 안에서 다의 관계,무엇에 정신이 아주 쏠리어 헤어나지 못하다.,사랑에 빠지다.,표준국어대사전 용례,"박힌 물건이 제자리에서 나오다. | 원래 있어야 할 것에서 모자라다. | 속에 있는 액체나 기체 또는 냄새 따위가 밖으로 새어 나가거나 흘러 나가다. | 때, 빛깔 따위가 씻기거나 없어지다. | 차례를 거르거나 일정하게 들어 있어야 할 곳에 들어 있지 아니하다. | 정신이나 기운이 줄거나 없어지다. | 어떤 일이나 모임에 참여하지 아니하다. | 그릇이나 신발 따위의 밑바닥이 떨어져 나가다.",13,438207
relation-442277-2,어휘 관계,살다,,다의 관계,불 따위가 타거나 비치고 있는 상태에 있다.,화롯불이 살다.,표준국어대사전 용례,,"12,13",442277
relation-442277-3,어휘 관계,살다,,다의 관계,본래 가지고 있던 색깔이나 특징 따위가 그대로 있거나 뚜렷이 나타나다.,개성이 살아 있는 글.,표준국어대사전 용례,,"12,13",442277
relation-442277-4,어휘 관계,살다,,다의 관계,성질이나 기운 따위가 뚜렷이 나타나다.,칭찬 몇 마디 해 주었더니 기운이 살아서 잘난 척이다.,표준국어대사전 용례,,"12,13",442277
relation-442277-5,어휘 관계,살다,,다의 관계,마음이나 의식 속에 남아 있거나 생생하게 일어나다.,어렸을 때 배운 노래 한 구절이 머릿속에 아직도 살아 있다.,표준국어대사전 용례,,"12,13",442277
relation-442277-6,어휘 관계,살다,,다의 관계,움직이던 물체가 멈추지 않고 제 기능을 하다.,그렇게 세게 부딪혔는데도 시계가 살아 있다.,표준국어대사전 용례,,"12,13",442277
relation-442277-7,어휘 관계,살다,,다의 관계,"경기나 놀이 따위에서, 상대편에게 잡히지 않고 제 기능을 하다.",포는 죽고 차만 살아 있다.,표준국어대사전 용례,,13,442277
relation-442277-8,어휘 관계,살다,,다의 관계,"글이나 말, 또는 어떤 현상의 효력 따위가 현실과 관련되어 생동성이 있다.",산 역사.,표준국어대사전 용례,,13,442277
relation-441353-1,어휘 관계,살피다,,다의 관계,두루두루 주의하여 자세히 보다.,사방을 살피다.,표준국어대사전 용례,,13,441353
relation-441353-2,어휘 관계,살피다,,다의 관계,형편이나 사정 따위를 자세히 알아보다.,민심을 살피다.,표준국어대사전 용례,,13,441353
relation-441353-3,어휘 관계,살피다,,다의 관계,자세히 따지거나 헤아려 보다.,"감정을 헤아리는 것은, 자기의 위치를 잡아, 상대방과의 관계를 살피는 일이며, 그 감정을 올바르게 표현한다는 뜻이다.",표준국어대사전 용례,,13,441353
confusable-446589-1,어휘 관계,새다,,혼동하기 쉬운 어휘: 새다 / 세다,"기체, 액체 따위가 틈이나 구멍으로 조금씩 빠져 나가거나 나오다.",지붕에서 비가 샌다.,표준국어대사전 용례,세다: 머리카락이나 수염 따위의 털이 희어지다.,24,446589
confusable-443127-1,어휘 관계,세다,,혼동하기 쉬운 어휘: 새다 / 세다,머리카락이나 수염 따위의 털이 희어지다.,머리가 허옇게 세다.,표준국어대사전 용례,"새다: 기체, 액체 따위가 틈이나 구멍으로 조금씩 빠져 나가거나 나오다.",24,443127
relation-448742-2,어휘 관계,손,,다의 관계,손끝의 다섯 개로 갈라진 부분. 또는 그것 하나하나.,손에 반지를 끼다.,표준국어대사전 용례,,14,448742
relation-448742-4,어휘 관계,손,,다의 관계,"어떤 일을 하는 데 드는 사람의 힘이나 노력, 기술.",나는 부모님이 돌아가셔서 할머니의 손에서 자랐다.,표준국어대사전 용례,,14,448742
relation-448742-5,어휘 관계,손,,다의 관계,어떤 사람의 영향력이나 권한이 미치는 범위.,손에 넣다.,표준국어대사전 용례,,"14,15",448742
relation-211089-1,어휘 관계,쓰다,,동음이의 관계,장기나 윷놀이 따위에서 말을 규정대로 옮겨 놓다.,윷놀이는 말을 잘 쓰는 것이 제일 중요하다.,표준국어대사전 용례,"어떤 일을 하는 데에 재료나 도구, 수단을 이용하다. | 사람에게 어떤 일을 하게 하다. | 다른 사람에게 베풀거나 내다.",15,211089
relation-453352-1,어휘 관계,쓰다,,동음이의어 안에서 다의 관계,"어떤 일을 하는 데에 재료나 도구, 수단을 이용하다.",빨래하는 데에 합성 세제를 많이 쓴다고 빨래가 깨끗하게 되는 것은 아니다.,표준국어대사전 용례,장기나 윷놀이 따위에서 말을 규정대로 옮겨 놓다.,"14,15",453352
relation-453352-2,어휘 관계,쓰다,,동음이의어 안에서 다의 관계,사람에게 어떤 일을 하게 하다.,하수도 공사에 인부를 쓴다.,표준국어대사전 용례,장기나 윷놀이 따위에서 말을 규정대로 옮겨 놓다.,"14,15",453352
relation-453352-3,어휘 관계,쓰다,,동음이의어 안에서 다의 관계,다른 사람에게 베풀거나 내다.,그는 취직 기념으로 친구들에게 한턱을 썼다.,표준국어대사전 용례,장기나 윷놀이 따위에서 말을 규정대로 옮겨 놓다.,15,453352
relation-455823-1,어휘 관계,어리다,,동음이의어 안에서 다의 관계,나이가 적다. 10대 전반을 넘지 않은 나이를 이른다.,나는 어린 시절을 시골에서 보냈다.,표준국어대사전 용례,"어떤 현상, 기운, 추억 따위가 배어 있거나 은근히 드러나다. | 빛이나 그림자, 모습 따위가 희미하게 비치다. | 연기, 안개, 구름 따위가 한곳에 모여 나타나다.",14,455823
relation-455823-3,어휘 관계,어리다,,동음이의어 안에서 다의 관계,동물이나 식물 따위가 난 지 얼마 안 되어 작고 여리다.,어린 묘목을 옮겨 심다.,표준국어대사전 용례,"어떤 현상, 기운, 추억 따위가 배어 있거나 은근히 드러나다. | 빛이나 그림자, 모습 따위가 희미하게 비치다. | 연기, 안개, 구름 따위가 한곳에 모여 나타나다.",14,455823
relation-455823-4,어휘 관계,어리다,,동음이의어 안에서 다의 관계,생각이 모자라거나 경험이 적거나 수준이 낮다.,저의 어린 소견을 끝까지 경청해 주셔서 고맙습니다.,표준국어대사전 용례,"어떤 현상, 기운, 추억 따위가 배어 있거나 은근히 드러나다. | 빛이나 그림자, 모습 따위가 희미하게 비치다. | 연기, 안개, 구름 따위가 한곳에 모여 나타나다.",14,455823
relation-461548-2,어휘 관계,어리다,,동음이의어 안에서 다의 관계,"어떤 현상, 기운, 추억 따위가 배어 있거나 은근히 드러나다.",정성 어린 선물.,표준국어대사전 용례,나이가 적다. 10대 전반을 넘지 않은 나이를 이른다. | 동물이나 식물 따위가 난 지 얼마 안 되어 작고 여리다. | 생각이 모자라거나 경험이 적거나 수준이 낮다.,14,461548
relation-461548-3,어휘 관계,어리다,,동음이의어 안에서 다의 관계,"빛이나 그림자, 모습 따위가 희미하게 비치다.",수면에 어리는 그림자.,표준국어대사전 용례,나이가 적다. 10대 전반을 넘지 않은 나이를 이른다. | 동물이나 식물 따위가 난 지 얼마 안 되어 작고 여리다. | 생각이 모자라거나 경험이 적거나 수준이 낮다.,14,461548
relation-461548-4,어휘 관계,어리다,,동음이의어 안에서 다의 관계,"연기, 안개, 구름 따위가 한곳에 모여 나타나다.",앞들 무논 위에 아지랑이가 어리기 시작한다.,표준국어대사전 용례,나이가 적다. 10대 전반을 넘지 않은 나이를 이른다. | 동물이나 식물 따위가 난 지 얼마 안 되어 작고 여리다. | 생각이 모자라거나 경험이 적거나 수준이 낮다.,14,461548
relation-461262-1,어휘 관계,오르다,,다의 관계,사람이나 동물 따위가 아래에서 위쪽으로 움직여 가다.,산에 오르다.,표준국어대사전 용례,,"14,15",461262
relation-461262-2,어휘 관계,오르다,,다의 관계,지위나 신분 따위를 얻게 되다.,왕위에 오르다.,표준국어대사전 용례,,"14,15",461262
relation-465180-1,어휘 관계,울다,,다의 관계,"기쁨, 슬픔 따위의 감정을 억누르지 못하거나 아픔을 참지 못하여 눈물을 흘리다. 또는 그렇게 눈물을 흘리면서 소리를 내다.",승리의 기쁨에 넘쳐 우는 선수들.,표준국어대사전 용례,,16,465180
relation-465180-2,어휘 관계,울다,,다의 관계,"짐승, 벌레, 바람 따위가 소리를 내다.",늑대 우는 소리.,표준국어대사전 용례,,16,465180
relation-465180-3,어휘 관계,울다,,다의 관계,물체가 바람 따위에 흔들리거나 움직여 소리가 나다.,전깃줄이 바람에 운다.,표준국어대사전 용례,,16,465180
relation-465180-4,어휘 관계,울다,,다의 관계,"종이나 천둥, 벨 따위가 소리를 내다.",천둥이 우는 소리.,표준국어대사전 용례,,16,465180
relation-465180-5,어휘 관계,울다,,다의 관계,병적으로 일정한 높이로 계속되는 소리가 실제로는 들리지 않는데도 들리는 것처럼 느끼다.,귀에서 우는 소리가 난다.,표준국어대사전 용례,,16,465180
relation-465180-6,어휘 관계,울다,,다의 관계,(비유적으로) 상대를 때리거나 공격할 수 없어 분한 마음을 느끼다.,주먹이 운다 울어.,표준국어대사전 용례,,16,465180
relation-268252-1,어휘 관계,익다,,동음이의어 안에서 다의 관계,자주 경험하여 조금도 서투르지 않다.,이젠 바느질 솜씨가 손끝에 제법 익었다.,표준국어대사전 용례,"고기나 채소, 곡식 따위의 날것이 뜨거운 열을 받아 그 성질과 맛이 달라지다. | 불이나 볕을 오래 쬐거나 뜨거운 물에 담가서 살갗이 빨갛게 되다. | 사물이나 시기 따위가 충분히 마련되거나 알맞게 되다.","16,17",268252
relation-268252-3,어휘 관계,익다,,동음이의어 안에서 다의 관계,눈이 어둡거나 밝은 곳에 적응한 상태에 있다.,어둠에 눈이 익자 낯익은 방 안 풍경이 조금씩 드러났다.,표준국어대사전 용례,"고기나 채소, 곡식 따위의 날것이 뜨거운 열을 받아 그 성질과 맛이 달라지다. | 불이나 볕을 오래 쬐거나 뜨거운 물에 담가서 살갗이 빨갛게 되다. | 사물이나 시기 따위가 충분히 마련되거나 알맞게 되다.",17,268252
relation-468023-2,어휘 관계,익다,,동음이의어 안에서 다의 관계,"고기나 채소, 곡식 따위의 날것이 뜨거운 열을 받아 그 성질과 맛이 달라지다.",고기가 푹 익다.,표준국어대사전 용례,자주 경험하여 조금도 서투르지 않다. | 눈이 어둡거나 밝은 곳에 적응한 상태에 있다.,"16,17",468023
relation-468023-4,어휘 관계,익다,,동음이의어 안에서 다의 관계,불이나 볕을 오래 쬐거나 뜨거운 물에 담가서 살갗이 빨갛게 되다.,벌거벗고 땡볕에 돌아다녔더니 살이 익었다.,표준국어대사전 용례,자주 경험하여 조금도 서투르지 않다. | 눈이 어둡거나 밝은 곳에 적응한 상태에 있다.,"16,17",468023
relation-468023-6,어휘 관계,익다,,동음이의어 안에서 다의 관계,사물이나 시기 따위가 충분히 마련되거나 알맞게 되다.,큰딸은 두어 달 전에야 옛날 전봉준이가 살던 동골이란 동네로 혼담이 익어 가고 있다고 했다.,표준국어대사전 용례,자주 경험하여 조금도 서투르지 않다. | 눈이 어둡거나 밝은 곳에 적응한 상태에 있다.,"16,17",468023
relation-472348-2,어휘 관계,일다,,다의 관계,희미하거나 약하던 것이 왕성하여지다.,불꽃같이 일다.,표준국어대사전 용례,,17,472348
relation-472348-3,어휘 관계,일다,,다의 관계,겉으로 부풀거나 위로 솟아오르다.,보풀이 일다.,표준국어대사전 용례,,17,472348
relation-278600-1,어휘 관계,잘다,,다의 관계,"알곡이나 과일, 모래 따위의 둥근 물건이나 글씨 따위의 크기가 작다.",알약이 너무 커서 잘게 부순 다음 삼켰다.,표준국어대사전 용례,,16,278600
relation-278600-2,어휘 관계,잘다,,다의 관계,길이가 있는 물건의 몸피가 가늘고 작다.,못이 잘다.,표준국어대사전 용례,,16,278600
relation-278600-5,어휘 관계,잘다,,다의 관계,생각이나 성질이 대담하지 못하고 좀스럽다.,그는 사람 됨됨이가 잘고 경망스러워 보인다.,표준국어대사전 용례,,16,278600
relation-488714-1,어휘 관계,줄다,,다의 관계,"물체의 길이나 넓이, 부피 따위가 본디보다 작아지다.",소매 길이가 줄다.,표준국어대사전 용례,,16,488714
relation-488714-2,어휘 관계,줄다,,다의 관계,수나 분량이 본디보다 적어지다.,인원이 줄다.,표준국어대사전 용례,,16,488714
relation-488714-3,어휘 관계,줄다,,다의 관계,힘이나 세력 따위가 본디보다 못하게 되다.,속력이 줄다.,표준국어대사전 용례,,"16,17",488714
relation-488714-4,어휘 관계,줄다,,다의 관계,"재주나 능력, 실력 따위가 본디보다 못하게 되다.",수학 실력이 줄다.,표준국어대사전 용례,,"16,17",488714
relation-488714-5,어휘 관계,줄다,,다의 관계,살림이 어려워지거나 본디보다 못하여지다.,주는 것은 살림살이요 느는 것을 빚뿐일세.,표준국어대사전 용례,,"16,17",488714
relation-312902-1,어휘 관계,지르다,,동음이의 관계,목청을 높여 소리를 크게 내다.,괴성을 지르다.,표준국어대사전 용례,"팔다리나 막대기 따위를 내뻗치어 대상물을 힘껏 건드리다. | 냄새가 갑자기 후각을 자극하다. | 도박이나 내기에서, 돈이나 물건 따위를 걸다. | 양쪽 사이를 막대기나 줄 따위로 가로 건너막거나 내리꽂다.",17,312902
relation-484111-1,어휘 관계,지르다,,동음이의어 안에서 다의 관계,팔다리나 막대기 따위를 내뻗치어 대상물을 힘껏 건드리다.,한 아이가 골문을 향해 공을 힘차게 지른다.,표준국어대사전 용례,목청을 높여 소리를 크게 내다.,"16,17",484111
relation-484111-2,어휘 관계,지르다,,동음이의어 안에서 다의 관계,냄새가 갑자기 후각을 자극하다.,구린내가 코를 지른다.,표준국어대사전 용례,목청을 높여 소리를 크게 내다.,"16,17",484111
relation-484111-3,어휘 관계,지르다,,동음이의어 안에서 다의 관계,"도박이나 내기에서, 돈이나 물건 따위를 걸다.",판돈을 지르다.,표준국어대사전 용례,목청을 높여 소리를 크게 내다.,"16,17",484111
relation-484111-5,어휘 관계,지르다,,동음이의어 안에서 다의 관계,양쪽 사이를 막대기나 줄 따위로 가로 건너막거나 내리꽂다.,머리에 비녀를 지르다.,표준국어대사전 용례,목청을 높여 소리를 크게 내다.,"16,17",484111
relation-318733-1,어휘 관계,짜다,,동음이의어 안에서 다의 관계,누르거나 비틀어서 물기나 기름 따위를 빼내다.,여드름을 짜다.,표준국어대사전 용례,사개를 맞추어 가구나 상자 따위를 만들다. | 계획이나 일정 따위를 세우다.,18,318733
relation-318733-2,어휘 관계,짜다,,동음이의어 안에서 다의 관계,온갖 수단을 써서 남의 재물 따위를 빼앗다.,그들은 갖은 수단으로 사람들의 재물을 짜내려 했다.,PDF 뜻풀이를 바탕으로 작성한 학습용 문장,사개를 맞추어 가구나 상자 따위를 만들다. | 계획이나 일정 따위를 세우다.,18,318733
relation-318733-3,어휘 관계,짜다,,동음이의어 안에서 다의 관계,"어떤 새로운 것을 생각해 내기 위하여 온 힘을 기울이거나, 온 정신을 기울이다.",생각을 짜다.,표준국어대사전 용례,사개를 맞추어 가구나 상자 따위를 만들다. | 계획이나 일정 따위를 세우다.,18,318733
relation-490442-1,어휘 관계,짜다,,동음이의어 안에서 다의 관계,사개를 맞추어 가구나 상자 따위를 만들다.,관을 짜다.,표준국어대사전 용례,"누르거나 비틀어서 물기나 기름 따위를 빼내다. | 온갖 수단을 써서 남의 재물 따위를 빼앗다. | 어떤 새로운 것을 생각해 내기 위하여 온 힘을 기울이거나, 온 정신을 기울이다.",17,490442
relation-490442-5,어휘 관계,짜다,,동음이의어 안에서 다의 관계,계획이나 일정 따위를 세우다.,생활 계획표를 짜다.,표준국어대사전 용례,"누르거나 비틀어서 물기나 기름 따위를 빼내다. | 온갖 수단을 써서 남의 재물 따위를 빼앗다. | 어떤 새로운 것을 생각해 내기 위하여 온 힘을 기울이거나, 온 정신을 기울이다.",18,490442
relation-318021-1,어휘 관계,차다,,동음이의어 안에서 다의 관계,발로 내어 지르거나 받아 올리다.,공을 차다.,표준국어대사전 용례,"일정한 공간에 사람, 사물, 냄새 따위가 더 들어갈 수 없이 가득하게 되다. | 감정이나 기운 따위가 가득하게 되다. | 어떤 대상이 흡족하게 마음에 들다. | 어떤 높이나 한도에 이르는 상태가 되다.","18,19",318021
relation-318021-3,어휘 관계,차다,,동음이의어 안에서 다의 관계,혀끝을 입천장 앞쪽에 붙였다가 떼어 소리를 내다.,혀를 끌끌 차다.,표준국어대사전 용례,"일정한 공간에 사람, 사물, 냄새 따위가 더 들어갈 수 없이 가득하게 되다. | 감정이나 기운 따위가 가득하게 되다. | 어떤 대상이 흡족하게 마음에 들다. | 어떤 높이나 한도에 이르는 상태가 되다.","18,19",318021
relation-318021-5,어휘 관계,차다,,동음이의어 안에서 다의 관계,(속되게) 주로 남녀 관계에서 일방적으로 관계를 끊다.,그는 5년을 사귄 여인을 차 버렸다.,표준국어대사전 용례,"일정한 공간에 사람, 사물, 냄새 따위가 더 들어갈 수 없이 가득하게 되다. | 감정이나 기운 따위가 가득하게 되다. | 어떤 대상이 흡족하게 마음에 들다. | 어떤 높이나 한도에 이르는 상태가 되다.","18,19",318021
relation-318021-6,어휘 관계,차다,,동음이의어 안에서 다의 관계,날쌔게 빼앗거나 움켜 가지다.,매가 병아리를 차서 하늘 높이 날아갔다.,표준국어대사전 용례,"일정한 공간에 사람, 사물, 냄새 따위가 더 들어갈 수 없이 가득하게 되다. | 감정이나 기운 따위가 가득하게 되다. | 어떤 대상이 흡족하게 마음에 들다. | 어떤 높이나 한도에 이르는 상태가 되다.",19,318021
relation-318021-7,어휘 관계,차다,,동음이의어 안에서 다의 관계,(비유적으로) 자기에게 베풀어지거나 차례가 오는 것을 받아들이지 않다.,들어오는 복을 차다.,표준국어대사전 용례,"일정한 공간에 사람, 사물, 냄새 따위가 더 들어갈 수 없이 가득하게 되다. | 감정이나 기운 따위가 가득하게 되다. | 어떤 대상이 흡족하게 마음에 들다. | 어떤 높이나 한도에 이르는 상태가 되다.",19,318021
relation-486355-1,어휘 관계,차다,,동음이의어 안에서 다의 관계,"일정한 공간에 사람, 사물, 냄새 따위가 더 들어갈 수 없이 가득하게 되다.",독에 물이 가득 차다.,표준국어대사전 용례,발로 내어 지르거나 받아 올리다. | 혀끝을 입천장 앞쪽에 붙였다가 떼어 소리를 내다. | (속되게) 주로 남녀 관계에서 일방적으로 관계를 끊다. | 날쌔게 빼앗거나 움켜 가지다. | (비유적으로) 자기에게 베풀어지거나 차례가 오는 것을 받아들이지 않다.,18,486355
relation-486355-2,어휘 관계,차다,,동음이의어 안에서 다의 관계,감정이나 기운 따위가 가득하게 되다.,실의에 차다.,표준국어대사전 용례,발로 내어 지르거나 받아 올리다. | 혀끝을 입천장 앞쪽에 붙였다가 떼어 소리를 내다. | (속되게) 주로 남녀 관계에서 일방적으로 관계를 끊다. | 날쌔게 빼앗거나 움켜 가지다. | (비유적으로) 자기에게 베풀어지거나 차례가 오는 것을 받아들이지 않다.,"18,19",486355
relation-486355-3,어휘 관계,차다,,동음이의어 안에서 다의 관계,어떤 대상이 흡족하게 마음에 들다.,새로 구한 방이 마음에 꼭 찼다.,PDF 뜻풀이를 바탕으로 작성한 학습용 문장,발로 내어 지르거나 받아 올리다. | 혀끝을 입천장 앞쪽에 붙였다가 떼어 소리를 내다. | (속되게) 주로 남녀 관계에서 일방적으로 관계를 끊다. | 날쌔게 빼앗거나 움켜 가지다. | (비유적으로) 자기에게 베풀어지거나 차례가 오는 것을 받아들이지 않다.,"18,19",486355
relation-486355-4,어휘 관계,차다,,동음이의어 안에서 다의 관계,어떤 높이나 한도에 이르는 상태가 되다.,쌓인 눈이 가랑이까지 찼다.,표준국어대사전 용례,발로 내어 지르거나 받아 올리다. | 혀끝을 입천장 앞쪽에 붙였다가 떼어 소리를 내다. | (속되게) 주로 남녀 관계에서 일방적으로 관계를 끊다. | 날쌔게 빼앗거나 움켜 가지다. | (비유적으로) 자기에게 베풀어지거나 차례가 오는 것을 받아들이지 않다.,"18,19",486355
relation-329626-1,어휘 관계,치다,,동음이의어 안에서 다의 관계,가축이나 가금 따위를 기르다.,양을 치다.,표준국어대사전 용례,"바람이 세차게 불거나 비, 눈 따위가 세차게 뿌리다. | 천둥이나 번개 따위가 큰 소리나 빛을 내면서 일어나다. | 물결이나 파도 따위가 일어 움직이다. | 막이나 그물, 발 따위를 펴서 벌이거나 늘어뜨리다. | 벽 따위를 둘러서 세우거나 쌓다.",18,329626
relation-329626-2,어휘 관계,치다,,동음이의어 안에서 다의 관계,식물이 가지나 뿌리를 밖으로 돋아 나오게 하다.,나무가 가지를 많이 쳐서 제법 무성하다.,표준국어대사전 용례,"바람이 세차게 불거나 비, 눈 따위가 세차게 뿌리다. | 천둥이나 번개 따위가 큰 소리나 빛을 내면서 일어나다. | 물결이나 파도 따위가 일어 움직이다. | 막이나 그물, 발 따위를 펴서 벌이거나 늘어뜨리다. | 벽 따위를 둘러서 세우거나 쌓다.",18,329626
relation-332641-1,어휘 관계,치다,,동음이의어 안에서 다의 관계,"바람이 세차게 불거나 비, 눈 따위가 세차게 뿌리다.",세찬 눈보라가 치다.,표준국어대사전 용례,"막이나 그물, 발 따위를 펴서 벌이거나 늘어뜨리다. | 벽 따위를 둘러서 세우거나 쌓다. | 가축이나 가금 따위를 기르다. | 식물이 가지나 뿌리를 밖으로 돋아 나오게 하다.",19,332641
relation-332641-2,어휘 관계,치다,,동음이의어 안에서 다의 관계,천둥이나 번개 따위가 큰 소리나 빛을 내면서 일어나다.,벼락이 치다.,표준국어대사전 용례,"막이나 그물, 발 따위를 펴서 벌이거나 늘어뜨리다. | 벽 따위를 둘러서 세우거나 쌓다. | 가축이나 가금 따위를 기르다. | 식물이 가지나 뿌리를 밖으로 돋아 나오게 하다.",19,332641
relation-332641-4,어휘 관계,치다,,동음이의어 안에서 다의 관계,물결이나 파도 따위가 일어 움직이다.,마치 파도가 치다가 그대로 얼어 굳어진 듯이 보였다.,표준국어대사전 용례,"막이나 그물, 발 따위를 펴서 벌이거나 늘어뜨리다. | 벽 따위를 둘러서 세우거나 쌓다. | 가축이나 가금 따위를 기르다. | 식물이 가지나 뿌리를 밖으로 돋아 나오게 하다.",18,332641
relation-333273-1,어휘 관계,치다,,동음이의어 안에서 다의 관계,"막이나 그물, 발 따위를 펴서 벌이거나 늘어뜨리다.",천막을 치다.,표준국어대사전 용례,"바람이 세차게 불거나 비, 눈 따위가 세차게 뿌리다. | 천둥이나 번개 따위가 큰 소리나 빛을 내면서 일어나다. | 물결이나 파도 따위가 일어 움직이다. | 가축이나 가금 따위를 기르다. | 식물이 가지나 뿌리를 밖으로 돋아 나오게 하다.",18,333273
relation-333273-2,어휘 관계,치다,,동음이의어 안에서 다의 관계,벽 따위를 둘러서 세우거나 쌓다.,싸리나무로 담을 치다.,표준국어대사전 용례,"바람이 세차게 불거나 비, 눈 따위가 세차게 뿌리다. | 천둥이나 번개 따위가 큰 소리나 빛을 내면서 일어나다. | 물결이나 파도 따위가 일어 움직이다. | 가축이나 가금 따위를 기르다. | 식물이 가지나 뿌리를 밖으로 돋아 나오게 하다.",18,333273
relation-339857-1,어휘 관계,칼,,동음이의 관계,죄인에게 씌우던 형틀. 두껍고 긴 널빤지의 한끝에 구멍을 뚫어 죄인의 목을 끼우고 비녀장을 질렀다.,죄인의 목에는 무거운 칼이 씌워졌다.,PDF 뜻풀이를 바탕으로 작성한 학습용 문장,물건을 베거나 썰거나 깎는 데 쓰는 도구. 날과 자루로 이루어져 있다.,"18,19",339857
relation-490027-1,어휘 관계,칼,,동음이의 관계,물건을 베거나 썰거나 깎는 데 쓰는 도구. 날과 자루로 이루어져 있다.,칼 한 자루.,표준국어대사전 용례,죄인에게 씌우던 형틀. 두껍고 긴 널빤지의 한끝에 구멍을 뚫어 죄인의 목을 끼우고 비녀장을 질렀다.,"18,19",490027
relation-495532-1,어휘 관계,트다,,동음이의어 안에서 다의 관계,막혀 있던 것을 치우고 통하게 하다.,길을 트다.,표준국어대사전 용례,"너무 마르거나 춥거나 하여 틈이 생겨서 갈라지다. | 식물의 싹, 움, 순 따위가 벌어지다. | 날이 새면서 동쪽 하늘이 훤해지다. | 더 기대할 것이 없는 상태가 되다.",20,495532
relation-495532-3,어휘 관계,트다,,동음이의어 안에서 다의 관계,서로 스스럼없이 사귀는 관계가 되다.,친구와 마음을 트고 지내다.,표준국어대사전 용례,"너무 마르거나 춥거나 하여 틈이 생겨서 갈라지다. | 식물의 싹, 움, 순 따위가 벌어지다. | 날이 새면서 동쪽 하늘이 훤해지다. | 더 기대할 것이 없는 상태가 되다.",20,495532
relation-495543-1,어휘 관계,트다,,동음이의어 안에서 다의 관계,너무 마르거나 춥거나 하여 틈이 생겨서 갈라지다.,논바닥이 트다.,표준국어대사전 용례,막혀 있던 것을 치우고 통하게 하다. | 서로 스스럼없이 사귀는 관계가 되다.,19,495543
relation-495543-2,어휘 관계,트다,,동음이의어 안에서 다의 관계,"식물의 싹, 움, 순 따위가 벌어지다.",움이 트다.,표준국어대사전 용례,막혀 있던 것을 치우고 통하게 하다. | 서로 스스럼없이 사귀는 관계가 되다.,19,495543
relation-495543-3,어휘 관계,트다,,동음이의어 안에서 다의 관계,날이 새면서 동쪽 하늘이 훤해지다.,어느덧 날이 환하게 동이 트기 시작한다.,표준국어대사전 용례,막혀 있던 것을 치우고 통하게 하다. | 서로 스스럼없이 사귀는 관계가 되다.,19,495543
relation-495543-4,어휘 관계,트다,,동음이의어 안에서 다의 관계,더 기대할 것이 없는 상태가 되다.,차가 끊겨서 오늘 가기는 텄다.,표준국어대사전 용례,막혀 있던 것을 치우고 통하게 하다. | 서로 스스럼없이 사귀는 관계가 되다.,19,495543
relation-351010-1,어휘 관계,패다,,동음이의 관계,머리 따위가 몹시 아프고 쑤시다.,술을 많이 먹은 다음 날은 어김없이 머리가 팬다.,표준국어대사전 용례,사내아이의 목소리가 변성기를 지나 깊고 굵게 되다.,"20,21",351010
relation-351031-2,어휘 관계,패다,,동음이의 관계,사내아이의 목소리가 변성기를 지나 깊고 굵게 되다.,사춘기가 지나며 아이의 목소리가 굵게 패었다.,PDF 뜻풀이를 바탕으로 작성한 학습용 문장,머리 따위가 몹시 아프고 쑤시다.,"20,21",351031
relation-502475-1,어휘 관계,행각,行脚,다의 관계,어떤 목적으로 여기저기 돌아다님.,구걸 행각.,표준국어대사전 용례,,20,502475
relation-508767-10,어휘 관계,흐르다,,다의 관계,전기나 가스 따위가 선이나 관을 통하여 지나가다.,이 전신주에는 고압 전류가 흘러 매우 위험하다.,표준국어대사전 용례,,"20,21",508767
relation-508767-2,어휘 관계,흐르다,,다의 관계,걸치거나 두른 것이 미끄러지거나 처지다.,달리기를 하는데 고무줄이 끊어져서 체육복 바지가 흘러 버렸다.,표준국어대사전 용례,,20,508767
relation-508767-3,어휘 관계,흐르다,,다의 관계,액체 따위가 낮은 곳으로 내려가거나 넘쳐서 떨어지다.,물은 높은 데서 낮은 데로 흐른다.,표준국어대사전 용례,,20,508767
relation-508767-4,어휘 관계,흐르다,,다의 관계,어떤 한 방향으로 치우쳐 쏠리다.,외곬으로만 흐르는 성격.,표준국어대사전 용례,,"20,21",508767
relation-508767-5,어휘 관계,흐르다,,다의 관계,공중이나 물 위에 떠서 미끄러지듯이 움직이다.,하늘에 흐르는 구름.,표준국어대사전 용례,,"20,21",508767
relation-508767-6,어휘 관계,흐르다,,다의 관계,기운이나 상태 따위가 겉으로 드러나다.,옷차림에 촌티가 흐르다.,표준국어대사전 용례,,"20,21",508767
relation-508767-7,어휘 관계,흐르다,,다의 관계,"윤기, 광택 따위가 번지르르하게 나다.",잎사귀에 윤기가 흐르다.,표준국어대사전 용례,,"20,21",508767
relation-508767-8,어휘 관계,흐르다,,다의 관계,"빛, 소리, 향기 따위가 부드럽게 퍼지다.",밤하늘에 흐르는 달빛.,표준국어대사전 용례,,"20,21",508767
relation-508767-9,어휘 관계,흐르다,,다의 관계,"피, 땀, 눈물 따위가 몸 밖으로 넘쳐서 떨어지다.",온몸에 땀이 흐르다.,표준국어대사전 용례,,"20,21",508767
proverb-519115,속담,가갸 뒷다리[뒤 자]도 모른다,,상황과 비유적 의미의 관계,"반절본문의 첫 글자인 ‘가’와 ‘갸’의 세로획조차도 쓸 줄 모른다는 뜻으로, 글자를 전혀 깨치지 못하여 무식하거나, 사리에 몹시 어두운 사람을 놀림조로 이르는 말.",그 일을 두고 사람들은 “가갸 뒷다리[뒤 자]도 모른다”라는 속담을 떠올렸다.,학습용 보충 문장,,"1,2",519115
proverb-524994,속담,가게 기둥에 입춘[주련],,상황과 비유적 의미의 관계,"추하고 보잘것없는 가겟집 기둥에 ‘입춘대길’이라 써 붙인다는 뜻으로, 제격에 맞지 않음을 비유적으로 이르는 말.",그 일을 두고 사람들은 “가게 기둥에 입춘[주련]”이라는 속담을 떠올렸다.,학습용 보충 문장,,"13,14",524994
proverb-519123,속담,가난이 소 아들이라,,상황과 비유적 의미의 관계,소처럼 죽도록 일해도 가난에서 벗어날 수 없음을 이르는 말.,그 일을 두고 사람들은 “가난이 소 아들이라”라는 속담을 떠올렸다.,학습용 보충 문장,,24,519123
proverb-519134,속담,가난한 양반 씻나락 주무르듯,,상황과 비유적 의미의 관계,"가난한 양반이 털어먹자니 앞날이 걱정스럽고 그냥 두자니 당장 굶는 일이 걱정되어서 볍씨만 한없이 주무르고 있다는 뜻으로, 어떤 일에 닥쳐 우물쭈물하기만 하면서 선뜻 결정을 내리지 못하고 있는 모양을 이르는 말.",그 일을 두고 사람들은 “가난한 양반 씻나락 주무르듯”이라는 속담을 떠올렸다.,학습용 보충 문장,,"13,14",519134
proverb-519149,속담,가는 말에도 채찍을 치랬다,,상황과 비유적 의미의 관계,형편이나 힘이 한창 좋을 때라도 더욱 마음을 써서 힘써야 함을 비유적으로 이르는 말.,그 일을 두고 사람들은 “가는 말에도 채찍을 치랬다”라는 속담을 떠올렸다.,학습용 보충 문장,,24,519149
proverb-524959,속담,가랑비에 옷 젖는 줄 모른다,,상황과 비유적 의미의 관계,"가늘게 내리는 비는 조금씩 젖어 들기 때문에 여간해서도 옷이 젖는 줄을 깨닫지 못한다는 뜻으로, 아무리 사소한 것이라도 그것이 거듭되면 무시하지 못할 정도로 크게 됨을 비유적으로 이르는 말.",그 일을 두고 사람들은 “가랑비에 옷 젖는 줄 모른다”라는 속담을 떠올렸다.,학습용 보충 문장,,1,524959
proverb-524932,속담,가마 타고 옷고름 단다,,상황과 비유적 의미의 관계,미리 준비를 해 놓지 않아서 임박해서야 허둥지둥하게 되는 경우를 비유적으로 이르는 말.,그 일을 두고 사람들은 “가마 타고 옷고름 단다”라는 속담을 떠올렸다.,학습용 보충 문장,,1,524932
proverb-524981,속담,가마솥에 든 고기,,상황과 비유적 의미의 관계,꼼짝없이 죽게 된 신세를 비유적으로 이르는 말.,그 일을 두고 사람들은 “가마솥에 든 고기”라는 속담을 떠올렸다.,학습용 보충 문장,,"13,14",524981
proverb-525088,속담,가을 식은 밥이 봄 양식이다,,상황과 비유적 의미의 관계,"먹을 것이 흔한 가을에는 먹지 않고 내놓은 식은 밥이 봄에 가서는 귀중한 양식이 된다는 뜻으로, 풍족할 때 함부로 낭비하지 않고 절약하면 뒷날의 궁함을 면할 수 있음을 비유적으로 이르는 말.",그 일을 두고 사람들은 “가을 식은 밥이 봄 양식이다”라는 속담을 떠올렸다.,학습용 보충 문장,,14,525088
proverb-525099,속담,가을 중 싸대듯[쏘대듯/싸다니듯],,상황과 비유적 의미의 관계,"수확이 많은 가을철에 조금이라도 더 시주를 얻기 위하여 중이 바쁘게 돌아다닌다는 뜻으로, 여기저기 분주히 돌아다님을 비유적으로 이르는 말.",그 일을 두고 사람들은 “가을 중 싸대듯[쏘대듯/싸다니듯]”이라는 속담을 떠올렸다.,학습용 보충 문장,,"13,14",525099
proverb-525100,속담,가을 중의 시주 바가지 같다,,상황과 비유적 의미의 관계,"가을에는 곡식이 풍성하여 시주도 많이 하게 되므로 시주 바가지가 가득하다는 데서, 무엇이 가득 담긴 것을 비유적으로 이르는 말.",그 일을 두고 사람들은 “가을 중의 시주 바가지 같다”라는 속담을 떠올렸다.,학습용 보충 문장,,"13,14",525100
proverb-525101,속담,가을 판에는 대부인 마님이 나막신짝 들고 나선다,,상황과 비유적 의미의 관계,가을걷이 때에는 일이 많아서 누구나 바삐 나서서 거들게 됨을 비유적으로 이르는 말.,그 일을 두고 사람들은 “가을 판에는 대부인 마님이 나막신짝 들고 나선다”라는 속담을 떠올렸다.,학습용 보충 문장,,14,525101
proverb-519220,속담,가을바람의 새털,,상황과 비유적 의미의 관계,가을바람에 이리저리 날리는 새털처럼 매우 가볍고 꿋꿋하지 못한 것을 비유적으로 이르는 말.,그 일을 두고 사람들은 “가을바람의 새털”이라는 속담을 떠올렸다.,학습용 보충 문장,,14,519220
proverb-525093,속담,가을에는 부지깽이도 덤벙인다[덤빈다/뛴다],,상황과 비유적 의미의 관계,가을걷이 때에는 일이 많아서 누구나 바삐 나서서 거들게 됨을 비유적으로 이르는 말.,그 일을 두고 사람들은 “가을에는 부지깽이도 덤벙인다[덤빈다/뛴다]”라는 속담을 떠올렸다.,학습용 보충 문장,,14,525093
proverb-519111,속담,가을철에는 죽은 송장도 꿈지럭한다,,상황과 비유적 의미의 관계,가을걷이 때에는 일이 많아서 누구나 바삐 나서서 거들게 됨을 비유적으로 이르는 말.,그 일을 두고 사람들은 “가을철에는 죽은 송장도 꿈지럭한다”라는 속담을 떠올렸다.,학습용 보충 문장,,14,519111
proverb-525020,속담,가재는 게 편,,상황과 비유적 의미의 관계,"모양이나 형편이 서로 비슷하고 인연이 있는 것끼리 서로 잘 어울리고, 사정을 보아주며 감싸 주기 쉬움을 비유적으로 이르는 말.",그 일을 두고 사람들은 “가재는 게 편”이라는 속담을 떠올렸다.,학습용 보충 문장,,5,525020
proverb-525021,속담,가재는 게 편이요 초록은 한 빛이라,,상황과 비유적 의미의 관계,"모양이나 형편이 서로 비슷하고 인연이 있는 것끼리 서로 잘 어울리고, 사정을 보아주며 감싸 주기 쉬움을 비유적으로 이르는 말.",그 일을 두고 사람들은 “가재는 게 편이요 초록은 한 빛이라”라는 속담을 떠올렸다.,학습용 보충 문장,,5,525021
proverb-519300,속담,가지 많은 나무에[나무가] 바람 잘 날이 없다,,상황과 비유적 의미의 관계,"가지가 많고 잎이 무성한 나무는 살랑거리는 바람에도 잎이 흔들려서 잠시도 조용한 날이 없다는 뜻으로, 자식을 많이 둔 어버이에게는 근심, 걱정이 끊일 날이 없음을 비유적으로 이르는 말.",그 일을 두고 사람들은 “가지 많은 나무에[나무가] 바람 잘 날이 없다”라는 속담을 떠올렸다.,학습용 보충 문장,,"13,14",519300
proverb-519255,속담,간에 붙었다 쓸개[염통]에 붙었다 한다,,상황과 비유적 의미의 관계,자기에게 조금이라도 이익이 되면 지조 없이 이편에 붙었다 저편에 붙었다 함을 비유적으로 이르는 말.,그 일을 두고 사람들은 “간에 붙었다 쓸개[염통]에 붙었다 한다”라는 속담을 떠올렸다.,학습용 보충 문장,,"13,14",519255
proverb-525019,속담,갈매기도 제집이 있다,,상황과 비유적 의미의 관계,"하찮은 까마귀나 까치들도 다 제집이 있는 법이라는 뜻으로, 집 없는 사람의 서러운 처지를 한탄하여 이르는 말.",그 일을 두고 사람들은 “갈매기도 제집이 있다”라는 속담을 떠올렸다.,학습용 보충 문장,,"1,2",525019
proverb-525212,속담,같은 깃의 새는 같이 모인다,,상황과 비유적 의미의 관계,동류끼리 서로 잘 어울리게 됨을 비유적으로 이르는 말.,그 일을 두고 사람들은 “같은 깃의 새는 같이 모인다”라는 속담을 떠올렸다.,학습용 보충 문장,,"5,6",525212
proverb-519437,속담,개 머루[약과] 먹듯,,상황과 비유적 의미의 관계,참맛도 모르면서 바삐 먹어 치우는 것을 이르는 말.,그 일을 두고 사람들은 “개 머루[약과] 먹듯”이라는 속담을 떠올렸다.,학습용 보충 문장,내용이 틀리거나 말거나 일을 건성건성 날려서 함을 비유적으로 이르는 말. | 뜻도 모르면서 아는 체함을 이르는 말.,5,519437
proverb-519444,속담,개 발에 (주석) 편자,,상황과 비유적 의미의 관계,옷차림이나 지닌 물건 따위가 제격에 맞지 아니하여 어울리지 않음을 비유적으로 이르는 말.,그 일을 두고 사람들은 “개 발에 (주석) 편자”라는 속담을 떠올렸다.,학습용 보충 문장,,24,519444
proverb-525269,속담,개구리 낯짝에 물 붓기,,상황과 비유적 의미의 관계,"물에 사는 개구리의 낯에 물을 끼얹어 보았자 개구리가 놀랄 일이 아니라는 뜻으로, 어떤 자극을 주어도 그 자극이 조금도 먹혀들지 아니하거나 어떤 처사를 당하여도 태연함을 이르는 말.",그 일을 두고 사람들은 “개구리 낯짝에 물 붓기”라는 속담을 떠올렸다.,학습용 보충 문장,,24,525269
proverb-519382,속담,개똥밭에 굴러도 이승이 좋다,,상황과 비유적 의미의 관계,아무리 천하고 고생스럽게 살더라도 죽는 것보다는 사는 것이 나음을 이르는 말.,그 일을 두고 사람들은 “개똥밭에 굴러도 이승이 좋다”라는 속담을 떠올렸다.,학습용 보충 문장,,14,519382
proverb-519383,속담,개똥밭에 이슬 내릴 때가 있다,,상황과 비유적 의미의 관계,몹시 고생을 하는 삶도 좋은 운수가 터질 날이 있다는 말.,그 일을 두고 사람들은 “개똥밭에 이슬 내릴 때가 있다”라는 속담을 떠올렸다.,학습용 보충 문장,,14,519383
proverb-525158,속담,거꾸로 매달아도 사는 세상이 낫다,,상황과 비유적 의미의 관계,아무리 천하고 고생스럽게 살더라도 죽는 것보다는 사는 것이 나음을 이르는 말.,그 일을 두고 사람들은 “거꾸로 매달아도 사는 세상이 낫다”라는 속담을 떠올렸다.,학습용 보충 문장,,14,525158
proverb-525303,속담,거미줄에 목을 맨다,,상황과 비유적 의미의 관계,"칼도 아닌 송편으로 목을 딸 노릇이라는 뜻으로, 어처구니없는 일로 몹시 억울하고 원통함을 이르는 말.",그 일을 두고 사람들은 “거미줄에 목을 맨다”라는 속담을 떠올렸다.,학습용 보충 문장,,14,525303
proverb-525349,속담,걱정이 많으면 빨리 늙는다,,상황과 비유적 의미의 관계,쓸데없는 잔걱정을 하지 말라는 말.,그 일을 두고 사람들은 “걱정이 많으면 빨리 늙는다”라는 속담을 떠올렸다.,학습용 보충 문장,,14,525349
proverb-525377,속담,검둥개는 돼지 편,,상황과 비유적 의미의 관계,"모양이나 형편이 서로 비슷하고 인연이 있는 것끼리 서로 잘 어울리고, 사정을 보아주며 감싸 주기 쉬움을 비유적으로 이르는 말.",그 일을 두고 사람들은 “검둥개는 돼지 편”이라는 속담을 떠올렸다.,학습용 보충 문장,,"5,6",525377
proverb-519566,속담,계란에도 뼈가 있다,,상황과 비유적 의미의 관계,"늘 일이 잘 안되던 사람이 모처럼 좋은 기회를 만났건만, 그 일마저 역시 잘 안됨을 이르는 말.",그 일을 두고 사람들은 “계란에도 뼈가 있다”라는 속담을 떠올렸다.,학습용 보충 문장,,15,519566
proverb-519663,속담,고양이 목에 방울 달기[단다],,상황과 비유적 의미의 관계,실행하기 어려운 것을 공연히 의논함을 이르는 말.,그 일을 두고 사람들은 “고양이 목에 방울 달기[단다]”라는 속담을 떠올렸다.,학습용 보충 문장,,24,519663
proverb-519681,속담,고양이 쥐 어르듯,,상황과 비유적 의미의 관계,상대편을 제 마음대로 가지고 노는 모양을 비유적으로 이르는 말.,그 일을 두고 사람들은 “고양이 쥐 어르듯”이라는 속담을 떠올렸다.,학습용 보충 문장,당장에라도 잡아먹을 듯이 덤비는 모양을 이르는 말.,25,519681
proverb-519656,속담,고양이는 발톱을 감춘다,,상황과 비유적 의미의 관계,재주 있는 사람은 그것을 깊이 감추고서 함부로 드러내지 아니한다는 말.,그 일을 두고 사람들은 “고양이는 발톱을 감춘다”라는 속담을 떠올렸다.,학습용 보충 문장,,24,519656
proverb-519668,속담,고양이보고 반찬 가게 지키라는 격(이다),,상황과 비유적 의미의 관계,"고양이한테 생선을 맡기면 고양이가 생선을 먹을 것이 뻔한 일이란 뜻으로, 어떤 일이나 사물을 믿지 못할 사람에게 맡겨 놓고 마음이 놓이지 않아 걱정함을 비유적으로 이르는 말.",그 일을 두고 사람들은 “고양이보고 반찬 가게 지키라는 격(이다)”라는 속담을 떠올렸다.,학습용 보충 문장,,25,519668
proverb-519747,속담,공든 탑도 개미구멍으로 무너진다,,상황과 비유적 의미의 관계,조그마한 실수나 방심으로 큰일을 망쳐 버린다는 말.,그 일을 두고 사람들은 “공든 탑도 개미구멍으로 무너진다”라는 속담을 떠올렸다.,학습용 보충 문장,,"4,15",519747
proverb-519816,속담,구름 갈 제 비가 간다,,상황과 비유적 의미의 관계,"바늘이 가는 데 실이 항상 뒤따른다는 뜻으로, 사람의 긴밀한 관계를 비유적으로 이르는 말.",그 일을 두고 사람들은 “구름 갈 제 비가 간다”라는 속담을 떠올렸다.,학습용 보충 문장,,"3,4",519816
proverb-525457,속담,구멍 보아 가며 말뚝[쐐기] 깎는다,,상황과 비유적 의미의 관계,무슨 일이고 간에 조건과 사정을 보아 가며 거기에 알맞게 일을 하여야 함을 비유적으로 이르는 말.,그 일을 두고 사람들은 “구멍 보아 가며 말뚝[쐐기] 깎는다”라는 속담을 떠올렸다.,학습용 보충 문장,,15,525457
proverb-519842,속담,국에 덴 놈 물[냉수] 보고도 분다[놀란다],,상황과 비유적 의미의 관계,어떤 일에 한 번 혼이 나면 그와 비슷한 것만 보아도 공연히 겁을 낸다는 말.,그 일을 두고 사람들은 “국에 덴 놈 물[냉수] 보고도 분다[놀란다]”라는 속담을 떠올렸다.,학습용 보충 문장,,"5,6",519842
proverb-520039,속담,기역 자 왼 다리도 못 그린다,,상황과 비유적 의미의 관계,아주 무식하다는 말.,그 일을 두고 사람들은 “기역 자 왼 다리도 못 그린다”라는 속담을 떠올렸다.,학습용 보충 문장,,"1,2",520039
proverb-525863,속담,기침에 재채기,,상황과 비유적 의미의 관계,어려운 일이 공교롭게 계속됨을 비유적으로 이르는 말.,그 일을 두고 사람들은 “기침에 재채기”라는 속담을 떠올렸다.,학습용 보충 문장,일마다 공교롭게도 방해가 끼어 낭패를 보게 됨을 비유적으로 이르는 말.,4,525863
proverb-520069,속담,김칫국부터 마신다,,상황과 비유적 의미의 관계,해 줄 사람은 생각지도 않는데 미리부터 다 된 일로 알고 행동한다는 말.,그 일을 두고 사람들은 “김칫국부터 마신다”라는 속담을 떠올렸다.,학습용 보충 문장,,"15,16",520069
proverb-525672,속담,까마귀 날자 배 떨어진다,,상황과 비유적 의미의 관계,아무 관계 없이 한 일이 공교롭게도 때가 같아 어떤 관계가 있는 것처럼 의심을 받게 됨을 비유적으로 이르는 말.,그 일을 두고 사람들은 “까마귀 날자 배 떨어진다”라는 속담을 떠올렸다.,학습용 보충 문장,,5,525672
proverb-520066,속담,까막까치도 집이 있다,,상황과 비유적 의미의 관계,"하찮은 까마귀나 까치들도 다 제집이 있는 법이라는 뜻으로, 집 없는 사람의 서러운 처지를 한탄하여 이르는 말.",그 일을 두고 사람들은 “까막까치도 집이 있다”라는 속담을 떠올렸다.,학습용 보충 문장,,"1,2",520066
proverb-520071,속담,까치집에 비둘기 들어 있다,,상황과 비유적 의미의 관계,남의 집에 들어가서 주인 행세를 함을 비유적으로 이르는 말.,그 일을 두고 사람들은 “까치집에 비둘기 들어 있다”라는 속담을 떠올렸다.,학습용 보충 문장,,25,520071
proverb-525977,속담,나무 끝의 새 같다,,상황과 비유적 의미의 관계,오래 머물러 있지 못할 위태로운 곳에 있음을 비유적으로 이르는 말.,그 일을 두고 사람들은 “나무 끝의 새 같다”라는 속담을 떠올렸다.,학습용 보충 문장,,4,525977
proverb-520148,속담,나중 난 뿔이 우뚝하다,,상황과 비유적 의미의 관계,나중에 생긴 것이 먼저 것보다 훨씬 나음을 비유적으로 이르는 말.,그 일을 두고 사람들은 “나중 난 뿔이 우뚝하다”라는 속담을 떠올렸다.,학습용 보충 문장,후배가 선배보다 훌륭하게 되었음을 비유적으로 이르는 말.,6,520148
proverb-526203,속담,남의 두루마기에 밤 주워 담는다,,상황과 비유적 의미의 관계,아무리 하여도 남 좋은 일만 한 결과가 됨을 비유적으로 이르는 말.,그 일을 두고 사람들은 “남의 두루마기에 밤 주워 담는다”라는 속담을 떠올렸다.,학습용 보충 문장,,"15,16",526203
proverb-526261,속담,남의 잔치[장/제사]에 감 놓아라 배 놓아라 한다,,상황과 비유적 의미의 관계,남의 일에 공연히 간섭하고 나섬을 비유적으로 이르는 말.,그 일을 두고 사람들은 “남의 잔치[장/제사]에 감 놓아라 배 놓아라 한다”라는 속담을 떠올렸다.,학습용 보충 문장,,"15,16",526261
proverb-526131,속담,낫 놓고 기역 자도 모른다,,상황과 비유적 의미의 관계,"기역 자 모양으로 생긴 낫을 보면서도 기역 자를 모른다는 뜻으로, 아주 무식함을 비유적으로 이르는 말.",그 일을 두고 사람들은 “낫 놓고 기역 자도 모른다”라는 속담을 떠올렸다.,학습용 보충 문장,,"1,2",526131
proverb-520261,속담,내 건너 배 타기,,상황과 비유적 의미의 관계,무슨 일에나 순서가 있어 건너뛰어서는 할 수 없음을 비유적으로 이르는 말.,그 일을 두고 사람들은 “내 건너 배 타기”라는 속담을 떠올렸다.,학습용 보충 문장,,"15,16",520261
proverb-520321,속담,냉수 먹고 갈비 트림 한다,,상황과 비유적 의미의 관계,시시한 일을 해 놓고 큰일을 한 것처럼 으스대는 것을 비유적으로 이르는 말.,그 일을 두고 사람들은 “냉수 먹고 갈비 트림 한다”라는 속담을 떠올렸다.,학습용 보충 문장,,3,520321
proverb-520324,속담,냉수 먹고 이 쑤시기,,상황과 비유적 의미의 관계,"잘 먹은 체하며 이를 쑤신다는 뜻으로, 실속은 없으면서 무엇이 있는 체함을 이르는 말.",그 일을 두고 사람들은 “냉수 먹고 이 쑤시기”라는 속담을 떠올렸다.,학습용 보충 문장,,3,520324
proverb-520387,속담,녹수 갈 제 원앙 가듯,,상황과 비유적 의미의 관계,둘의 관계가 밀접하여 서로 떨어지지 않음을 비유적으로 이르는 말.,그 일을 두고 사람들은 “녹수 갈 제 원앙 가듯”이라는 속담을 떠올렸다.,학습용 보충 문장,,"3,4",520387
proverb-526609,속담,누워서 침 뱉기,,상황과 비유적 의미의 관계,남을 해치려고 하다가 도리어 자기가 해를 입게 된다는 것을 비유적으로 이르는 말.,그 일을 두고 사람들은 “누워서 침 뱉기”라는 속담을 떠올렸다.,학습용 보충 문장,"하늘을 향하여 침을 뱉어 보아야 자기 얼굴에 떨어진다는 뜻으로, 자기에게 해가 돌아올 짓을 함을 비유적으로 이르는 말.","25,26",526609
proverb-526454,속담,눈 가리고 아웅,,상황과 비유적 의미의 관계,얕은수로 남을 속이려 한다는 말.,그 일을 두고 사람들은 “눈 가리고 아웅”이라는 속담을 떠올렸다.,학습용 보충 문장,실제로 보람도 없을 일을 공연히 형식적으로 하는 체하며 부질없는 짓을 함을 비유적으로 이르는 말.,"15,16",526454
proverb-526476,속담,눈은 풍년이나 입은 흉년이다,,상황과 비유적 의미의 관계,눈에 보이는 것은 많아도 정작 먹을 것은 없음을 비유적으로 이르는 말.,그 일을 두고 사람들은 “눈은 풍년이나 입은 흉년이다”라는 속담을 떠올렸다.,학습용 보충 문장,,"15,16",526476
proverb-526690,속담,다 가도 문턱 못 넘기,,상황과 비유적 의미의 관계,애써 일을 하였으나 끝맺음을 못하여 보람이 없게 됨을 비유적으로 이르는 말.,그 일을 두고 사람들은 “다 가도 문턱 못 넘기”라는 속담을 떠올렸다.,학습용 보충 문장,,"15,16",526690
proverb-526693,속담,다 된 농사에 낫 들고 덤빈다,,상황과 비유적 의미의 관계,일이 다 끝난 뒤에 쓸데없이 참견하고 나섬을 비유적으로 이르는 말.,그 일을 두고 사람들은 “다 된 농사에 낫 들고 덤빈다”라는 속담을 떠올렸다.,학습용 보충 문장,,16,526693
proverb-526694,속담,다 된 죽에 코 빠졌다,,상황과 비유적 의미의 관계,거의 다 된 일을 망쳐버리는 주책없는 행동을 비유적으로 이르는 말.,그 일을 두고 사람들은 “다 된 죽에 코 빠졌다”라는 속담을 떠올렸다.,학습용 보충 문장,,16,526694
proverb-526695,속담,다 된 죽에 코 풀기,,상황과 비유적 의미의 관계,거의 다 된 일을 망쳐버리는 주책없는 행동을 비유적으로 이르는 말.,그 일을 두고 사람들은 “다 된 죽에 코 풀기”라는 속담을 떠올렸다.,학습용 보충 문장,남의 다 된 일을 악랄한 방법으로 방해하는 것을 비유적으로 이르는 말.,16,526695
proverb-526849,속담,단솥에 물 붓기,,상황과 비유적 의미의 관계,형편이 이미 기울어 아무리 도와주어도 보람이 없음을 비유적으로 이르는 말.,그 일을 두고 사람들은 “단솥에 물 붓기”라는 속담을 떠올렸다.,학습용 보충 문장,조금의 여유도 없이 버쩍버쩍 없어짐을 비유적으로 이르는 말.,16,526849
proverb-526892,속담,닫는 말에도 채를 친다,,상황과 비유적 의미의 관계,기세가 한창 좋을 때 더 힘을 가한다는 말.,그 일을 두고 사람들은 “닫는 말에도 채를 친다”라는 속담을 떠올렸다.,학습용 보충 문장,힘껏 하는데도 자꾸 더 하라고 한다는 말.,5,526892
proverb-520564,속담,달리는 말에 채찍질,,상황과 비유적 의미의 관계,기세가 한창 좋을 때 더 힘을 가한다는 말.,그 일을 두고 사람들은 “달리는 말에 채찍질”이라는 속담을 떠올렸다.,학습용 보충 문장,힘껏 하는데도 자꾸 더 하라고 한다는 말.,5,520564
proverb-526775,속담,달면 삼키고 쓰면 뱉는다,,상황과 비유적 의미의 관계,옳고 그름이나 신의를 돌보지 않고 자기의 이익만 꾀함을 비유적으로 이르는 말.,그 일을 두고 사람들은 “달면 삼키고 쓰면 뱉는다”라는 속담을 떠올렸다.,학습용 보충 문장,,2,526775
proverb-520603,속담,대추나무에 연 걸리듯,,상황과 비유적 의미의 관계,여기저기에 빚을 많이 진 것을 비유적으로 이르는 말.,그 일을 두고 사람들은 “대추나무에 연 걸리듯”이라는 속담을 떠올렸다.,학습용 보충 문장,,15,520603
proverb-520637,속담,댓구멍으로 하늘을 본다,,상황과 비유적 의미의 관계,"조그만 바늘구멍으로 넓디넓은 하늘을 본다는 뜻으로, 전체를 포괄적으로 보지 못하는 매우 좁은 소견이나 관찰을 비꼬는 말.",그 일을 두고 사람들은 “댓구멍으로 하늘을 본다”라는 속담을 떠올렸다.,학습용 보충 문장,,5,520637
proverb-520674,속담,더위 먹은 소 달만 보아도 헐떡인다,,상황과 비유적 의미의 관계,어떤 사물에 몹시 놀란 사람은 비슷한 사물만 보아도 겁을 냄을 이르는 말.,그 일을 두고 사람들은 “더위 먹은 소 달만 보아도 헐떡인다”라는 속담을 떠올렸다.,학습용 보충 문장,,"5,6",520674
proverb-520721,속담,도둑맞고 사립[빈지] 고친다,,상황과 비유적 의미의 관계,"소를 도둑맞은 다음에서야 빈 외양간의 허물어진 데를 고치느라 수선을 떤다는 뜻으로, 일이 이미 잘못된 뒤에는 손을 써도 소용이 없음을 비꼬는 말.",그 일을 두고 사람들은 “도둑맞고 사립[빈지] 고친다”라는 속담을 떠올렸다.,학습용 보충 문장,,2,520721
proverb-520737,속담,도토리 키 재기,,상황과 비유적 의미의 관계,정도가 고만고만한 사람끼리 서로 다툼을 이르는 말.,그 일을 두고 사람들은 “도토리 키 재기”라는 속담을 떠올렸다.,학습용 보충 문장,비슷비슷하여 견주어 볼 필요가 없음을 이르는 말.,11,520737
proverb-527114,속담,독 틈에도 용소가 있다,,상황과 비유적 의미의 관계,"독 틈에도 깊은 웅덩이가 있다는 뜻으로, 무슨 일에든지 남을 속이려 하는 수작이 있으니 조심해야 한다는 말.",그 일을 두고 사람들은 “독 틈에도 용소가 있다”라는 속담을 떠올렸다.,학습용 보충 문장,,15,527114
proverb-527059,속담,될성부른 나무는 떡잎부터 알아본다,,상황과 비유적 의미의 관계,잘될 사람은 어려서부터 남달리 장래성이 엿보인다는 말.,그 일을 두고 사람들은 “될성부른 나무는 떡잎부터 알아본다”라는 속담을 떠올렸다.,학습용 보충 문장,,"3,4",527059
proverb-520859,속담,두 소경 한 막대 짚고 걷는다,,상황과 비유적 의미의 관계,어리석은 두 사람이 같은 잘못을 저지르는 경우를 비유적으로 이르는 말.,그 일을 두고 사람들은 “두 소경 한 막대 짚고 걷는다”라는 속담을 떠올렸다.,학습용 보충 문장,,"1,2",520859
proverb-520894,속담,두부 먹다 이 빠진다,,상황과 비유적 의미의 관계,마음을 놓으면 생각지 아니하던 실수가 생길 수 있으니 항상 조심하라는 말.,그 일을 두고 사람들은 “두부 먹다 이 빠진다”라는 속담을 떠올렸다.,학습용 보충 문장,,15,520894
proverb-520929,속담,두부살에 바늘뼈,,상황과 비유적 의미의 관계,"바늘처럼 가는 뼈에 두부같이 힘없는 살이란 뜻으로, 몸이 아주 연약한 사람을 비유적으로 이르는 말.",그 일을 두고 사람들은 “두부살에 바늘뼈”라는 속담을 떠올렸다.,학습용 보충 문장,,15,520929
proverb-520982,속담,땅 넓은 줄을 모르고 하늘 높은 줄만 안다,,상황과 비유적 의미의 관계,키만 홀쭉하게 크고 마른 사람을 놀림조로 이르는 말.,그 일을 두고 사람들은 “땅 넓은 줄을 모르고 하늘 높은 줄만 안다”라는 속담을 떠올렸다.,학습용 보충 문장,,15,520982
proverb-521000,속담,땅내가 고소하다[구수하다],,상황과 비유적 의미의 관계,머지않아 죽게 될 것 같다는 말.,그 일을 두고 사람들은 “땅내가 고소하다[구수하다]”라는 속담을 떠올렸다.,학습용 보충 문장,,15,521000
proverb-520986,속담,땅을 팔 노릇,,상황과 비유적 의미의 관계,사정이 불가능하여 할 수 없는 것을 억지로 우기며 고집을 피울 때 하는 말.,그 일을 두고 사람들은 “땅을 팔 노릇”이라는 속담을 떠올렸다.,학습용 보충 문장,,15,520986
proverb-527244,속담,땡감을 따 먹어도 이승이 좋다,,상황과 비유적 의미의 관계,아무리 천하고 고생스럽게 살더라도 죽는 것보다는 사는 것이 나음을 이르는 말.,그 일을 두고 사람들은 “땡감을 따 먹어도 이승이 좋다”라는 속담을 떠올렸다.,학습용 보충 문장,,14,527244
proverb-521042,속담,떡 줄 사람은 꿈도 안 꾸는데 김칫국부터 마신다,,상황과 비유적 의미의 관계,해 줄 사람은 생각지도 않는데 미리부터 다 된 일로 알고 행동한다는 말.,그 일을 두고 사람들은 “떡 줄 사람은 꿈도 안 꾸는데 김칫국부터 마신다”라는 속담을 떠올렸다.,학습용 보충 문장,,"15,16",521042
proverb-527259,속담,떼어 놓은 당상,,상황과 비유적 의미의 관계,"떼어 놓은 당상이 변하거나 다른 데로 갈 리 없다는 데서, 일이 확실하여 조금도 틀림이 없음을 이르는 말.",그 일을 두고 사람들은 “떼어 놓은 당상”이라는 속담을 떠올렸다.,학습용 보충 문장,,21,527259
proverb-521076,속담,뜨거운 물에 덴 놈 숭늉 보고도 놀란다,,상황과 비유적 의미의 관계,어떤 사물에 몹시 놀란 사람은 비슷한 사물만 보아도 겁을 냄을 이르는 말.,그 일을 두고 사람들은 “뜨거운 물에 덴 놈 숭늉 보고도 놀란다”라는 속담을 떠올렸다.,학습용 보충 문장,,"5,6",521076
proverb-527416,속담,마른나무를 태우면 생나무도 탄다,,상황과 비유적 의미의 관계,안되는 일도 대세를 타면 잘될 수 있음을 비유적으로 이르는 말.,그 일을 두고 사람들은 “마른나무를 태우면 생나무도 탄다”라는 속담을 떠올렸다.,학습용 보충 문장,,"15,16",527416
proverb-521136,속담,마른논에 물 대기,,상황과 비유적 의미의 관계,일이 매우 힘들거나 힘들여 해 놓아도 성과가 없는 경우를 이르는 말.,그 일을 두고 사람들은 “마른논에 물 대기”라는 속담을 떠올렸다.,학습용 보충 문장,,"15,16",521136
proverb-521183,속담,말 타면 경마 잡히고 싶다,,상황과 비유적 의미의 관계,사람의 욕심이란 한이 없다는 말.,그 일을 두고 사람들은 “말 타면 경마 잡히고 싶다”라는 속담을 떠올렸다.,학습용 보충 문장,,"15,16",521183
proverb-521184,속담,말 타면 종 두고 싶다,,상황과 비유적 의미의 관계,사람의 욕심이란 한이 없다는 말.,그 일을 두고 사람들은 “말 타면 종 두고 싶다”라는 속담을 떠올렸다.,학습용 보충 문장,,"15,16",521184
proverb-521186,속담,말 태우고 버선 깁는다,,상황과 비유적 의미의 관계,미리 준비를 해 놓지 않아서 임박해서야 허둥지둥하게 되는 경우를 비유적으로 이르는 말.,그 일을 두고 사람들은 “말 태우고 버선 깁는다”라는 속담을 떠올렸다.,학습용 보충 문장,,1,521186
proverb-527347,속담,말은 할 탓이다,,상황과 비유적 의미의 관계,같은 내용의 말이라도 하기에 달렸다는 말.,그 일을 두고 사람들은 “말은 할 탓이다”라는 속담을 떠올렸다.,학습용 보충 문장,,"15,16",527347
proverb-527602,속담,모기 보고 칼[환도] 빼기[뽑기],,상황과 비유적 의미의 관계,시시한 일로 소란을 피움을 비유적으로 이르는 말.,그 일을 두고 사람들은 “모기 보고 칼[환도] 빼기[뽑기]”라는 속담을 떠올렸다.,학습용 보충 문장,보잘것없는 작은 일에 어울리지 않게 엄청나게 큰 대책을 씀을 이르는 말.,4,527602
proverb-527591,속담,모난 돌이 정 맞는다,,상황과 비유적 의미의 관계,두각을 나타내는 사람이 남에게 미움을 받게 된다는 말.,그 일을 두고 사람들은 “모난 돌이 정 맞는다”라는 속담을 떠올렸다.,학습용 보충 문장,강직한 사람은 남의 공박을 받는다는 말.,16,527591
proverb-528081,속담,물 건너온 범,,상황과 비유적 의미의 관계,한풀 꺾인 사람을 비유적으로 이르는 말.,그 일을 두고 사람들은 “물 건너온 범”이라는 속담을 떠올렸다.,학습용 보충 문장,,25,528081
proverb-528224,속담,물어도 준치 썩어도 생치,,상황과 비유적 의미의 관계,본래 좋고 훌륭한 것은 비록 상해도 그 본질에는 변함이 없음을 비유적으로 이르는 말.,그 일을 두고 사람들은 “물어도 준치 썩어도 생치”라는 속담을 떠올렸다.,학습용 보충 문장,,5,528224
proverb-528169,속담,미꾸라짓국 먹고 용트림한다,,상황과 비유적 의미의 관계,시시한 일을 해 놓고 큰일을 한 것처럼 으스대는 것을 비유적으로 이르는 말.,그 일을 두고 사람들은 “미꾸라짓국 먹고 용트림한다”라는 속담을 떠올렸다.,학습용 보충 문장,하잘것없는 사람이 잘난 체하는 것을 비유적으로 이르는 말.,3,528169
proverb-527839,속담,미련한 송아지 백정을 모른다,,상황과 비유적 의미의 관계,겪어 보지 않았거나 어리석어서 사리에 어두움을 비유적으로 이르는 말.,그 일을 두고 사람들은 “미련한 송아지 백정을 모른다”라는 속담을 떠올렸다.,학습용 보충 문장,,"3,4",527839
proverb-528197,속담,믿는 도끼에 발등 찍힌다,,상황과 비유적 의미의 관계,잘되리라고 믿고 있던 일이 어긋나거나 믿고 있던 사람이 배반하여 오히려 해를 입음을 비유적으로 이르는 말.,그 일을 두고 사람들은 “믿는 도끼에 발등 찍힌다”라는 속담을 떠올렸다.,학습용 보충 문장,,16,528197
proverb-528208,속담,밑 빠진 독[가마/항아리]에 물 붓기,,상황과 비유적 의미의 관계,"밑 빠진 독에 아무리 물을 부어도 독이 채워질 수 없다는 뜻으로, 아무리 힘이나 밑천을 들여도 보람 없이 헛된 일이 되는 상태를 비유적으로 이르는 말.",그 일을 두고 사람들은 “밑 빠진 독[가마/항아리]에 물 붓기”라는 속담을 떠올렸다.,학습용 보충 문장,,16,528208
proverb-521580,속담,바늘 가는 데 실 간다,,상황과 비유적 의미의 관계,"바늘이 가는 데 실이 항상 뒤따른다는 뜻으로, 사람의 긴밀한 관계를 비유적으로 이르는 말.",그 일을 두고 사람들은 “바늘 가는 데 실 간다”라는 속담을 떠올렸다.,학습용 보충 문장,,"3,4",521580
proverb-521666,속담,바늘구멍으로 코끼리를 몰라 한다,,상황과 비유적 의미의 관계,"작은 바늘구멍으로 엄청나게 큰 코끼리를 몰라고 한다는 뜻으로, 전혀 가능성이 없는 일을 하라고 강요하는 경우를 비유적으로 이르는 말.",그 일을 두고 사람들은 “바늘구멍으로 코끼리를 몰라 한다”라는 속담을 떠올렸다.,학습용 보충 문장,,16,521666
proverb-521667,속담,바늘구멍으로 하늘 보기,,상황과 비유적 의미의 관계,"조그만 바늘구멍으로 넓디넓은 하늘을 본다는 뜻으로, 전체를 포괄적으로 보지 못하는 매우 좁은 소견이나 관찰을 비꼬는 말.",그 일을 두고 사람들은 “바늘구멍으로 하늘 보기”라는 속담을 떠올렸다.,학습용 보충 문장,,6,521667
proverb-521668,속담,바늘구멍으로 황소바람 들어온다,,상황과 비유적 의미의 관계,"추울 때에는 바늘구멍 같은 작은 구멍에도 엄청나게 센 찬 바람이 들어온다는 뜻으로, 작은 것이라도 때에 따라서는 소홀히 하여서는 안 됨을 비유적으로 이르는 말.",그 일을 두고 사람들은 “바늘구멍으로 황소바람 들어온다”라는 속담을 떠올렸다.,학습용 보충 문장,,4,521668
proverb-527917,속담,바람 간 데 범 간다,,상황과 비유적 의미의 관계,"바늘이 가는 데 실이 항상 뒤따른다는 뜻으로, 사람의 긴밀한 관계를 비유적으로 이르는 말.",그 일을 두고 사람들은 “바람 간 데 범 간다”라는 속담을 떠올렸다.,학습용 보충 문장,,"3,4",527917
proverb-527929,속담,바람 앞의 등불,,상황과 비유적 의미의 관계,"언제 꺼질지 모르는 바람 앞의 등불이란 뜻으로, 매우 위태로운 처지에 놓여 있음을 비유적으로 이르는 말.",그 일을 두고 사람들은 “바람 앞의 등불”이라는 속담을 떠올렸다.,학습용 보충 문장,,12,527929
proverb-528358,속담,바지저고리만 다닌다[앉았다],,상황과 비유적 의미의 관계,"사람의 몸뚱이는 없고 바지저고리만 걸어 다닌다는 뜻으로, 사람이 아무 속이 없고 맺힌 데가 없이 행동하는 경우를 비유적으로 이르는 말.",그 일을 두고 사람들은 “바지저고리만 다닌다[앉았다]”라는 속담을 떠올렸다.,학습용 보충 문장,,16,528358
proverb-521566,속담,받아 놓은 밥상,,상황과 비유적 의미의 관계,일이 확실하여 조금도 틀림이 없는 경우를 비유적으로 이르는 말.,그 일을 두고 사람들은 “받아 놓은 밥상”이라는 속담을 떠올렸다.,학습용 보충 문장,"밥상을 받아 놓고 그냥 물리지도 못하고 그렇다고 먹을 수도 없다는 뜻으로, 이러지도 못하고 저러지도 못하는 경우나 처지를 비유적으로 이르는 말.","21,22",521566
proverb-528581,속담,밤눈 어두운 말이 워낭 소리 듣고 따라간다,,상황과 비유적 의미의 관계,"밤눈이 어두운 말이 자기 턱 밑에 달린 쇠고리의 소리를 듣고 따라간다는 뜻으로, 맹목적으로 남이 하는 대로 따라 함을 비유적으로 이르는 말.",그 일을 두고 사람들은 “밤눈 어두운 말이 워낭 소리 듣고 따라간다”라는 속담을 떠올렸다.,학습용 보충 문장,,17,528581
proverb-528542,속담,밥 위에 떡,,상황과 비유적 의미의 관계,좋은 일에 더욱 좋은 일이 겹침을 비유적으로 이르는 말.,그 일을 두고 사람들은 “밥 위에 떡”이라는 속담을 떠올렸다.,학습용 보충 문장,,17,528542
proverb-521692,속담,배 먹고 이 닦기,,상황과 비유적 의미의 관계,"배를 먹으면 이까지 하얗게 닦아진다는 뜻으로, 한 가지 일에 두 가지 이로움이 있음을 비유적으로 이르는 말.",그 일을 두고 사람들은 “배 먹고 이 닦기”라는 속담을 떠올렸다.,학습용 보충 문장,,17,521692
proverb-528359,속담,백지장도 맞들면 낫다,,상황과 비유적 의미의 관계,쉬운 일이라도 협력하여 하면 훨씬 쉽다는 말.,그 일을 두고 사람들은 “백지장도 맞들면 낫다”라는 속담을 떠올렸다.,학습용 보충 문장,,2,528359
proverb-527985,속담,범 모르는 하룻강아지,,상황과 비유적 의미의 관계,철없이 함부로 덤비는 경우를 비유적으로 이르는 말.,그 일을 두고 사람들은 “범 모르는 하룻강아지”라는 속담을 떠올렸다.,학습용 보충 문장,,"3,4",527985
proverb-521799,속담,보리밭에 가 숭늉 찾는다,,상황과 비유적 의미의 관계,모든 일에는 질서와 차례가 있는 법인데 일의 순서도 모르고 성급하게 덤빔을 비유적으로 이르는 말.,그 일을 두고 사람들은 “보리밭에 가 숭늉 찾는다”라는 속담을 떠올렸다.,학습용 보충 문장,,"17,18",521799
proverb-521918,속담,봉 가는 데 황 간다,,상황과 비유적 의미의 관계,"바늘이 가는 데 실이 항상 뒤따른다는 뜻으로, 사람의 긴밀한 관계를 비유적으로 이르는 말.",그 일을 두고 사람들은 “봉 가는 데 황 간다”라는 속담을 떠올렸다.,학습용 보충 문장,,"3,4",521918
proverb-528485,속담,부자는 망해도 삼 년 먹을 것이 있다,,상황과 비유적 의미의 관계,본래 부자이던 사람은 망했다 하더라도 얼마 동안은 그럭저럭 살아 나갈 수 있음을 비유적으로 이르는 말.,그 일을 두고 사람들은 “부자는 망해도 삼 년 먹을 것이 있다”라는 속담을 떠올렸다.,학습용 보충 문장,,17,528485
proverb-528771,속담,불에 놀란 놈이 부지깽이[화젓가락]만 보아도 놀란다,,상황과 비유적 의미의 관계,어떤 사물에 몹시 놀란 사람은 비슷한 사물만 보아도 겁을 냄을 이르는 말.,그 일을 두고 사람들은 “불에 놀란 놈이 부지깽이[화젓가락]만 보아도 놀란다”라는 속담을 떠올렸다.,학습용 보충 문장,,"5,6",528771
proverb-528805,속담,붉고 쓴 장,,상황과 비유적 의미의 관계,"빛이 좋아서 맛있을 듯한 간장이 쓰다는 뜻으로, 겉모양은 그럴듯하게 좋으나 실속은 흉악하여 안팎이 서로 다름을 비유적으로 이르는 말.",그 일을 두고 사람들은 “붉고 쓴 장”이라는 속담을 떠올렸다.,학습용 보충 문장,,17,528805
proverb-522029,속담,비 오는 것은 밥 짓는 부엌에서 먼저 안다,,상황과 비유적 의미의 관계,비가 오려고 기압이 낮아지면 아궁이에 불이 잘 안 붙으므로 부엌의 아낙네들이 비 오는 것을 먼저 알게 된다는 말.,그 일을 두고 사람들은 “비 오는 것은 밥 짓는 부엌에서 먼저 안다”라는 속담을 떠올렸다.,학습용 보충 문장,,17,522029
proverb-522034,속담,비 오는 날 소꼬리 같다,,상황과 비유적 의미의 관계,몹시 귀찮게 구는 것을 비유적으로 이르는 말.,그 일을 두고 사람들은 “비 오는 날 소꼬리 같다”라는 속담을 떠올렸다.,학습용 보충 문장,,25,522034
proverb-522036,속담,비 오는 날 장독 덮었다 (한다),,상황과 비유적 의미의 관계,"비 오는 날 먼저 해야 할 일 중에 하나는 장독을 덮는 일인데 그것을 했다고 자랑한다는 뜻으로, 당연히 할 일을 하고 유세하는 경우를 비꼬는 말.",그 일을 두고 사람들은 “비 오는 날 장독 덮었다 (한다)”라는 속담을 떠올렸다.,학습용 보충 문장,,"17,18",522036
proverb-522038,속담,비 온 뒤에 땅이 굳어진다,,상황과 비유적 의미의 관계,"비에 젖어 질척거리던 흙도 마르면서 단단하게 굳어진다는 뜻으로, 어떤 시련을 겪은 뒤에 더 강해짐을 비유적으로 이르는 말.",그 일을 두고 사람들은 “비 온 뒤에 땅이 굳어진다”라는 속담을 떠올렸다.,학습용 보충 문장,,"17,18",522038
proverb-522039,속담,비 틈으로 빠져나가겠다,,상황과 비유적 의미의 관계,행동이나 동작이 매우 민첩함을 비유적으로 이르는 말.,그 일을 두고 사람들은 “비 틈으로 빠져나가겠다”라는 속담을 떠올렸다.,학습용 보충 문장,,"17,18",522039
proverb-528919,속담,빈대 미워 집에 불 놓는다,,상황과 비유적 의미의 관계,손해를 크게 볼 것을 생각지 아니하고 자기에게 마땅치 아니한 것을 없애려고 그저 덤비기만 하는 경우를 비유적으로 이르는 말.,그 일을 두고 사람들은 “빈대 미워 집에 불 놓는다”라는 속담을 떠올렸다.,학습용 보충 문장,,2,528919
proverb-528920,속담,빈대 잡으려고 초가삼간 태운다,,상황과 비유적 의미의 관계,손해를 크게 볼 것을 생각지 아니하고 자기에게 마땅치 아니한 것을 없애려고 그저 덤비기만 하는 경우를 비유적으로 이르는 말.,그 일을 두고 사람들은 “빈대 잡으려고 초가삼간 태운다”라는 속담을 떠올렸다.,학습용 보충 문장,,2,528920
proverb-529007,속담,사람과 산은 멀리서 보는 게 낫다,,상황과 비유적 의미의 관계,사람을 가까이 사귀면 멀리서 볼 때 안 보이던 결점이 다 드러나 실망하게 됨을 비유적으로 이르는 말.,그 일을 두고 사람들은 “사람과 산은 멀리서 보는 게 낫다”라는 속담을 떠올렸다.,학습용 보충 문장,,"17,18",529007
proverb-528950,속담,사후 약방문[청심환],,상황과 비유적 의미의 관계,"사람이 죽은 다음에야 약을 구한다는 뜻으로, 때가 지나 일이 다 틀어진 후에야 뒤늦게 대책을 세움을 비유적으로 이르는 말.",그 일을 두고 사람들은 “사후 약방문[청심환]”이라는 속담을 떠올렸다.,학습용 보충 문장,,2,528950
proverb-529191,속담,산 개 새끼가 죽은 정승보다 낫다,,상황과 비유적 의미의 관계,"아무리 천하더라도 살아 있는 것이 죽은 것보다는 낫다는 뜻으로, 세상을 비관하지 말고 살아가라는 말.",그 일을 두고 사람들은 “산 개 새끼가 죽은 정승보다 낫다”라는 속담을 떠올렸다.,학습용 보충 문장,아무리 존귀했던 몸이라도 한번 죽으면 거들떠보지 않는 것이 세상인심임을 비유적으로 이르는 말.,14,529191
proverb-522143,속담,산 까마귀 염불한다,,상황과 비유적 의미의 관계,"산에 있는 까마귀가 산에 있는 절에서 염불하는 것을 하도 많이 보고 들어서 염불하는 흉내를 낸다는 뜻으로, 무엇을 전혀 모르던 사람도 오랫동안 보고 듣노라면 제법 따라 할 수 있게 됨을 비유적으로 이르는 말.",그 일을 두고 사람들은 “산 까마귀 염불한다”라는 속담을 떠올렸다.,학습용 보충 문장,,"17,18",522143
proverb-529115,속담,삼밭에 쑥대,,상황과 비유적 의미의 관계,"쑥이 삼밭에 섞여 자라면 삼대처럼 곧아진다는 뜻으로, 좋은 환경에서 자라면 좋은 영향을 받게 됨을 비유적으로 이르는 말.",그 일을 두고 사람들은 “삼밭에 쑥대”라는 속담을 떠올렸다.,학습용 보충 문장,,"17,18",529115
proverb-522453,속담,새 발의 피,,상황과 비유적 의미의 관계,"새의 가느다란 발에서 나오는 피라는 뜻으로, 아주 하찮은 일이나 극히 적은 분량임을 비유적으로 이르는 말.",그 일을 두고 사람들은 “새 발의 피”라는 속담을 떠올렸다.,학습용 보충 문장,,11,522453
proverb-522483,속담,석새짚신에 구슬 감기,,상황과 비유적 의미의 관계,"거칠게 만든 하찮은 물건에 고급스러운 물건을 사용한다는 뜻으로, 격에 어울리지 않는 모양이나 차림새를 비유적으로 이르는 말.",그 일을 두고 사람들은 “석새짚신에 구슬 감기”라는 속담을 떠올렸다.,학습용 보충 문장,,18,522483
proverb-522510,속담,선무당이 사람 잡는다[죽인다],,상황과 비유적 의미의 관계,"의술에 서투른 사람이 치료해 준다고 하다가 사람을 죽이기까지 한다는 뜻으로, 능력이 없어서 제구실을 못하면서 함부로 하다가 큰일을 저지르게 됨을 비유적으로 이르는 말.",그 일을 두고 사람들은 “선무당이 사람 잡는다[죽인다]”라는 속담을 떠올렸다.,학습용 보충 문장,,18,522510
proverb-522592,속담,세 살 적 버릇[마음]이 여든까지 간다,,상황과 비유적 의미의 관계,"어릴 때 몸에 밴 버릇은 늙어 죽을 때까지 고치기 힘들다는 뜻으로, 어릴 때부터 나쁜 버릇이 들지 않도록 잘 가르쳐야 함을 비유적으로 이르는 말.",그 일을 두고 사람들은 “세 살 적 버릇[마음]이 여든까지 간다”라는 속담을 떠올렸다.,학습용 보충 문장,,18,522592
proverb-529863,속담,소 가는 데 말도 간다,,상황과 비유적 의미의 관계,남이 할 수 있는 일이면 나도 할 수 있다는 말.,그 일을 두고 사람들은 “소 가는 데 말도 간다”라는 속담을 떠올렸다.,학습용 보충 문장,,17,529863
proverb-529890,속담,소 잃고 외양간 고친다,,상황과 비유적 의미의 관계,"소를 도둑맞은 다음에서야 빈 외양간의 허물어진 데를 고치느라 수선을 떤다는 뜻으로, 일이 이미 잘못된 뒤에는 손을 써도 소용이 없음을 비꼬는 말.",그 일을 두고 사람들은 “소 잃고 외양간 고친다”라는 속담을 떠올렸다.,학습용 보충 문장,,2,529890
proverb-529895,속담,소 죽은 귀신 같다,,상황과 비유적 의미의 관계,"소가 고집이 세고 힘줄이 질기다는 데서, 몹시 고집 세고 질긴 사람의 성격을 비유적으로 이르는 말.",그 일을 두고 사람들은 “소 죽은 귀신 같다”라는 속담을 떠올렸다.,학습용 보충 문장,,17,529895
proverb-529746,속담,손 안 대고 코 풀기,,상황과 비유적 의미의 관계,"손조차 사용하지 아니하고 코를 푼다는 뜻으로, 일을 힘 안 들이고 아주 쉽게 해치움을 비유적으로 이르는 말.",그 일을 두고 사람들은 “손 안 대고 코 풀기”라는 속담을 떠올렸다.,학습용 보충 문장,,17,529746
proverb-529434,속담,솔개는 매 편(이라고),,상황과 비유적 의미의 관계,"모양이나 형편이 서로 비슷하고 인연이 있는 것끼리 서로 잘 어울리고, 사정을 보아주며 감싸 주기 쉬움을 비유적으로 이르는 말.",그 일을 두고 사람들은 “솔개는 매 편(이라고)”라는 속담을 떠올렸다.,학습용 보충 문장,,"5,6",529434
proverb-529429,속담,쇠털같이 많다,,상황과 비유적 의미의 관계,수효가 셀 수 없이 많음을 비유적으로 이르는 말.,그 일을 두고 사람들은 “쇠털같이 많다”라는 속담을 떠올렸다.,학습용 보충 문장,,25,529429
proverb-529912,속담,수박 겉 핥기,,상황과 비유적 의미의 관계,"맛있는 수박을 먹는다는 것이 딱딱한 겉만 핥고 있다는 뜻으로, 사물의 속 내용은 모르고 겉만 건드리는 일을 비유적으로 이르는 말.",그 일을 두고 사람들은 “수박 겉 핥기”라는 속담을 떠올렸다.,학습용 보충 문장,,5,529912
proverb-522656,속담,숫돌이 저 닳는 줄 모른다,,상황과 비유적 의미의 관계,"숫돌에 무엇을 갈 때마다 숫돌 자신이 닳는 것은 알지 못한 채 점차 닳아서 패게 된다는 뜻으로, 조금씩 줄어드는 것은 잘 느끼지 못하나 그것도 쌓이면 무시할 수 없음을 비유적으로 이르는 말.",그 일을 두고 사람들은 “숫돌이 저 닳는 줄 모른다”라는 속담을 떠올렸다.,학습용 보충 문장,,1,522656
proverb-522979,속담,싸전에 가서 밥 달라고 한다,,상황과 비유적 의미의 관계,모든 일에는 질서와 차례가 있는 법인데 일의 순서도 모르고 성급하게 덤빔을 비유적으로 이르는 말.,그 일을 두고 사람들은 “싸전에 가서 밥 달라고 한다”라는 속담을 떠올렸다.,학습용 보충 문장,,"17,18",522979
proverb-530151,속담,썩어도 준치,,상황과 비유적 의미의 관계,본래 좋고 훌륭한 것은 비록 상해도 그 본질에는 변함이 없음을 비유적으로 이르는 말.,그 일을 두고 사람들은 “썩어도 준치”라는 속담을 떠올렸다.,학습용 보충 문장,,5,530151
proverb-530084,속담,아닌 밤중에 홍두깨 (내밀듯),,상황과 비유적 의미의 관계,별안간 엉뚱한 말이나 행동을 함을 비유적으로 이르는 말.,그 일을 두고 사람들은 “아닌 밤중에 홍두깨 (내밀듯)”이라는 속담을 떠올렸다.,학습용 보충 문장,,17,530084
proverb-522888,속담,아랫길도 못 가고 윗길도 못 가겠다,,상황과 비유적 의미의 관계,이것도 저것도 다 믿을 수 없고 어찌하여야 할지 모름을 비유적으로 이르는 말.,그 일을 두고 사람들은 “아랫길도 못 가고 윗길도 못 가겠다”라는 속담을 떠올렸다.,학습용 보충 문장,,4,522888
proverb-529989,속담,앉아 주고 서서 받는다,,상황과 비유적 의미의 관계,빌려주기는 쉬우나 돌려받기는 어려움을 비유적으로 이르는 말.,그 일을 두고 사람들은 “앉아 주고 서서 받는다”라는 속담을 떠올렸다.,학습용 보충 문장,,17,529989
proverb-530511,속담,언 발에 오줌 누기,,상황과 비유적 의미의 관계,"언 발을 녹이려고 오줌을 누어 봤자 효력이 별로 없다는 뜻으로, 임시변통은 될지 모르나 그 효력이 오래가지 못할 뿐만 아니라 결국에는 사태가 더 나빠짐을 비유적으로 이르는 말.",그 일을 두고 사람들은 “언 발에 오줌 누기”라는 속담을 떠올렸다.,학습용 보충 문장,,"1,2",530511
proverb-523235,속담,열흘날 잔치에 열하룻날 병풍 친다,,상황과 비유적 의미의 관계,때를 놓치고 일이 다 끝난 다음에야 하려는 것을 비꼬아 이르는 말.,그 일을 두고 사람들은 “열흘날 잔치에 열하룻날 병풍 친다”라는 속담을 떠올렸다.,학습용 보충 문장,,16,523235
proverb-523299,속담,옥에 티,,상황과 비유적 의미의 관계,나무랄 데 없이 훌륭하거나 좋은 것에 있는 사소한 흠을 이르는 말.,그 일을 두고 사람들은 “옥에 티”라는 속담을 떠올렸다.,학습용 보충 문장,,"17,18",523299
proverb-523432,속담,욕심이 사람 죽인다,,상황과 비유적 의미의 관계,욕심이 너무 지나치면 사리를 분별하지 못하고 위태로운 일까지 거리낌 없이 하게 됨을 비유적으로 이르는 말.,그 일을 두고 사람들은 “욕심이 사람 죽인다”라는 속담을 떠올렸다.,학습용 보충 문장,,"17,18",523432
proverb-530883,속담,용 될 고기는 모이 철부터 안다,,상황과 비유적 의미의 관계,잘될 사람은 어려서부터 남달리 장래성이 엿보인다는 말.,그 일을 두고 사람들은 “용 될 고기는 모이 철부터 안다”라는 속담을 떠올렸다.,학습용 보충 문장,,"3,4",530883
proverb-530905,속담,우물 안 개구리[고기],,상황과 비유적 의미의 관계,넓은 세상의 형편을 알지 못하는 사람을 비유적으로 이르는 말.,그 일을 두고 사람들은 “우물 안 개구리[고기]”라는 속담을 떠올렸다.,학습용 보충 문장,견식이 좁아 저만 잘난 줄로 아는 사람을 비꼬는 말.,6,530905
proverb-530906,속담,우물에 가 숭늉 찾는다,,상황과 비유적 의미의 관계,모든 일에는 질서와 차례가 있는 법인데 일의 순서도 모르고 성급하게 덤빔을 비유적으로 이르는 말.,그 일을 두고 사람들은 “우물에 가 숭늉 찾는다”라는 속담을 떠올렸다.,학습용 보충 문장,,"17,18",530906
proverb-523418,속담,우선 먹기는 곶감이 달다,,상황과 비유적 의미의 관계,앞일은 생각해 보지도 아니하고 당장 좋은 것만 취하는 경우를 비유적으로 이르는 말.,그 일을 두고 사람들은 “우선 먹기는 곶감이 달다”라는 속담을 떠올렸다.,학습용 보충 문장,,2,523418
proverb-523683,속담,입추의 여지가 없다,,상황과 비유적 의미의 관계,"송곳 끝도 세울 수 없을 정도라는 뜻으로, 발 들여놓을 데가 없을 정도로 많은 사람들이 꽉 들어찬 경우를 비유적으로 이르는 말.",그 일을 두고 사람들은 “입추의 여지가 없다”라는 속담을 떠올렸다.,학습용 보충 문장,,"17,18",523683
proverb-523627,속담,자기 배 부르면 남의 배 고픈 줄 모른다,,상황과 비유적 의미의 관계,자기와 환경이나 조건이 다른 사람의 사정을 이해하기가 어려움을 이르는 말.,그 일을 두고 사람들은 “자기 배 부르면 남의 배 고픈 줄 모른다”라는 속담을 떠올렸다.,학습용 보충 문장,,5,523627
proverb-523628,속담,자기 얼굴[낯]에 침 뱉기,,상황과 비유적 의미의 관계,남을 해치려고 하다가 도리어 자기가 해를 입게 된다는 것을 비유적으로 이르는 말.,그 일을 두고 사람들은 “자기 얼굴[낯]에 침 뱉기”라는 속담을 떠올렸다.,학습용 보충 문장,,"25,26",523628
proverb-531357,속담,잘되는 밥 가마에 재를 넣는다,,상황과 비유적 의미의 관계,남의 다 된 일을 악랄한 방법으로 방해하는 것을 비유적으로 이르는 말.,그 일을 두고 사람들은 “잘되는 밥 가마에 재를 넣는다”라는 속담을 떠올렸다.,학습용 보충 문장,,16,531357
proverb-523894,속담,절에 간 색시,,상황과 비유적 의미의 관계,남이 시키는 대로 따라 하는 사람을 이르는 말.,그 일을 두고 사람들은 “절에 간 색시”라는 속담을 떠올렸다.,학습용 보충 문장,아무리 싫어도 남이 시키는 대로 따라 하지 아니할 수 없는 처지에 있는 사람을 이르는 말.,"17,18",523894
proverb-523940,속담,젊은이 망령은 몽둥이로 고친다,,상황과 비유적 의미의 관계,"노인들은 그저 잘 위해 드려야 하고, 아이들이 잘못했을 경우에는 엄하게 다스려 교육해야 한다는 말.",그 일을 두고 사람들은 “젊은이 망령은 몽둥이로 고친다”라는 속담을 떠올렸다.,학습용 보충 문장,,18,523940
proverb-523941,속담,젊은이 망령은 홍두깨로 고치고 늙은이 망령은 곰국으로 고친다,,상황과 비유적 의미의 관계,"노인들은 그저 잘 위해 드려야 하고, 아이들이 잘못했을 경우에는 엄하게 다스려 교육해야 한다는 말.",그 일을 두고 사람들은 “젊은이 망령은 홍두깨로 고치고 늙은이 망령은 곰국으로 고친다”라는 속담을 떠올렸다.,학습용 보충 문장,,18,523941
proverb-531660,속담,제 논에 물 대기,,상황과 비유적 의미의 관계,자기에게만 이롭도록 일을 하는 경우를 비유적으로 이르는 말.,그 일을 두고 사람들은 “제 논에 물 대기”라는 속담을 떠올렸다.,학습용 보충 문장,,6,531660
proverb-524091,속담,조자룡이 헌 창[칼] 쓰듯,,상황과 비유적 의미의 관계,돈이나 물건을 헤프게 쓰는 경우를 비유적으로 이르는 말.,그 일을 두고 사람들은 “조자룡이 헌 창[칼] 쓰듯”이라는 속담을 떠올렸다.,학습용 보충 문장,,18,524091
proverb-531789,속담,중의 빗[망건],,상황과 비유적 의미의 관계,몹시 구하기 어려운 물건을 비유적으로 이르는 말.,그 일을 두고 사람들은 “중의 빗[망건]”이라는 속담을 떠올렸다.,학습용 보충 문장,"중에게는 망건에 다는 관자 구멍이 필요 없다는 뜻으로, 소용없게 된 물건이나 쓸데없는 물건을 비유적으로 이르는 말.",19,531789
proverb-531796,속담,중이 제 머리를 못 깎는다,,상황과 비유적 의미의 관계,자기가 자신에 관한 일을 좋게 해결하기는 어려운 일이어서 남의 손을 빌려야만 이루기 쉬움을 비유적으로 이르는 말.,그 일을 두고 사람들은 “중이 제 머리를 못 깎는다”라는 속담을 떠올렸다.,학습용 보충 문장,,18,531796
proverb-532166,속담,쥐 잡으려다가 쌀독 깬다,,상황과 비유적 의미의 관계,적은 이익이나마 얻으려고 한 일이 도리어 큰 손실을 입게 되었음을 비유적으로 이르는 말.,그 일을 두고 사람들은 “쥐 잡으려다가 쌀독 깬다”라는 속담을 떠올렸다.,학습용 보충 문장,,2,532166
proverb-532168,속담,쥐 죽은 날 고양이 눈물,,상황과 비유적 의미의 관계,"고양이가 죽었다고 쥐가 눈물을 흘릴 리 없다는 데서, 아주 없거나 있어도 매우 적을 때를 이르는 말.",그 일을 두고 사람들은 “쥐 죽은 날 고양이 눈물”이라는 속담을 떠올렸다.,학습용 보충 문장,,25,532168
proverb-524179,속담,쥐구멍에도 볕 들 날 있다,,상황과 비유적 의미의 관계,몹시 고생을 하는 삶도 좋은 운수가 터질 날이 있다는 말.,그 일을 두고 사람들은 “쥐구멍에도 볕 들 날 있다”라는 속담을 떠올렸다.,학습용 보충 문장,,14,524179
proverb-531982,속담,쥐면 꺼질까 불면 날까,,상황과 비유적 의미의 관계,어린 자녀를 애지중지하여 기르는 부모의 사랑을 비유적으로 이르는 말.,그 일을 두고 사람들은 “쥐면 꺼질까 불면 날까”라는 속담을 떠올렸다.,학습용 보충 문장,,3,531982
proverb-532191,속담,짚신에 국화 그리기,,상황과 비유적 의미의 관계,"거칠게 만든 하찮은 물건에 고급스러운 물건을 사용한다는 뜻으로, 격에 어울리지 않는 모양이나 차림새를 비유적으로 이르는 말.",그 일을 두고 사람들은 “짚신에 국화 그리기”라는 속담을 떠올렸다.,학습용 보충 문장,밑바탕이 이미 천한 것인데 화려하게 꾸밈은 당치 아니하다는 말.,18,532191
proverb-524296,속담,차돌에 바람 들면 석돌보다 못하다,,상황과 비유적 의미의 관계,오달진 사람일수록 한번 타락하면 걷잡을 수 없게 된다는 말.,그 일을 두고 사람들은 “차돌에 바람 들면 석돌보다 못하다”라는 속담을 떠올렸다.,학습용 보충 문장,,19,524296
proverb-532448,속담,책력 보아 가며 밥 먹는다,,상황과 비유적 의미의 관계,"매일 밥을 먹을 수가 없어 책력을 보아 가며 좋은 날만을 택하여 밥을 먹는다는 뜻으로, 가난하여 끼니를 자주 거른다는 말.",그 일을 두고 사람들은 “책력 보아 가며 밥 먹는다”라는 속담을 떠올렸다.,학습용 보충 문장,,19,532448
proverb-524286,속담,처삼촌 뫼에 벌초하듯,,상황과 비유적 의미의 관계,일에 정성을 들이지 아니하고 마지못하여 건성으로 함을 비유적으로 이르는 말.,그 일을 두고 사람들은 “처삼촌 뫼에 벌초하듯”이라는 속담을 떠올렸다.,학습용 보충 문장,,19,524286
proverb-532555,속담,추우면 다가들고 더우면 물러선다,,상황과 비유적 의미의 관계,옳고 그름이나 신의를 돌보지 않고 자기의 이익만 꾀함을 비유적으로 이르는 말.,그 일을 두고 사람들은 “추우면 다가들고 더우면 물러선다”라는 속담을 떠올렸다.,학습용 보충 문장,,2,532555
proverb-524547,속담,콩밭에 가서 두부 찾는다,,상황과 비유적 의미의 관계,몹시 성급하게 행동함을 비유적으로 이르는 말.,그 일을 두고 사람들은 “콩밭에 가서 두부 찾는다”라는 속담을 떠올렸다.,학습용 보충 문장,,17,524547
proverb-524548,속담,콩밭에 간수 치겠다,,상황과 비유적 의미의 관계,몹시 성급하게 행동함을 비유적으로 이르는 말.,그 일을 두고 사람들은 “콩밭에 간수 치겠다”라는 속담을 떠올렸다.,학습용 보충 문장,,"17,18",524548
proverb-532536,속담,큰 둑[방죽]도 개미구멍으로 무너진다,,상황과 비유적 의미의 관계,작은 결점이라 하여 등한히 하면 그것이 점점 더 커져서 나중에는 큰 결함을 가져오게 됨을 비유적으로 이르는 말.,그 일을 두고 사람들은 “큰 둑[방죽]도 개미구멍으로 무너진다”라는 속담을 떠올렸다.,학습용 보충 문장,작은 힘으로도 큰일을 이룰 수 있음을 비유적으로 이르는 말.,4,532536
proverb-532742,속담,큰북에서 큰 소리 난다,,상황과 비유적 의미의 관계,크고 훌륭한 데서라야 무엇이나 좋은 일이 생길 수 있음을 비유적으로 이르는 말.,그 일을 두고 사람들은 “큰북에서 큰 소리 난다”라는 속담을 떠올렸다.,학습용 보충 문장,,19,532742
proverb-532750,속담,타고난 재주 사람마다 하나씩은 있다,,상황과 비유적 의미의 관계,사람은 누구나 한 가지씩의 재주는 가지고 있어서 그것으로 먹고살아 가게 마련이라는 말.,그 일을 두고 사람들은 “타고난 재주 사람마다 하나씩은 있다”라는 속담을 떠올렸다.,학습용 보충 문장,,19,532750
proverb-532601,속담,태산을 넘으면 평지를 본다,,상황과 비유적 의미의 관계,어려운 일이나 고된 일을 겪은 뒤에는 반드시 즐겁고 좋은 일이 생긴다는 말.,그 일을 두고 사람들은 “태산을 넘으면 평지를 본다”라는 속담을 떠올렸다.,학습용 보충 문장,,2,532601
proverb-532844,속담,하나는 열을 꾸려도 열은 하나를 못 꾸린다,,상황과 비유적 의미의 관계,한 사람이 잘되면 여러 사람을 돌보아 줄 수 있으나 여러 사람이 힘을 합하여 한 사람을 돌보아 주기는 힘들다는 말.,그 일을 두고 사람들은 “하나는 열을 꾸려도 열은 하나를 못 꾸린다”라는 속담을 떠올렸다.,학습용 보충 문장,자식이 많아도 부모는 잘 거느리고 살아가나 자식들은 그렇지 못하다는 말.,19,532844
proverb-533036,속담,하늘의 별 따기,,상황과 비유적 의미의 관계,무엇을 얻거나 성취하기가 매우 어려운 경우를 비유적으로 이르는 말.,그 일을 두고 사람들은 “하늘의 별 따기”라는 속담을 떠올렸다.,학습용 보충 문장,,19,533036
proverb-532831,속담,하루 세 끼 밥 먹듯,,상황과 비유적 의미의 관계,아주 예사로운 일로 생각함을 이르는 말.,그 일을 두고 사람들은 “하루 세 끼 밥 먹듯”이라는 속담을 떠올렸다.,학습용 보충 문장,,19,532831
proverb-532827,속담,하루가 여삼추(라),,상황과 비유적 의미의 관계,"하루가 삼 년과 같다는 뜻으로, 짧은 시간이 매우 길게 느껴짐을 비유적으로 이르는 말.",그 일을 두고 사람들은 “하루가 여삼추(라)”라는 속담을 떠올렸다.,학습용 보충 문장,,19,532827
proverb-532843,속담,하룻강아지 범 무서운 줄 모른다,,상황과 비유적 의미의 관계,철없이 함부로 덤비는 경우를 비유적으로 이르는 말.,그 일을 두고 사람들은 “하룻강아지 범 무서운 줄 모른다”라는 속담을 떠올렸다.,학습용 보충 문장,,"3,4",532843
proverb-532683,속담,한 손으로는 손뼉을 못 친다,,상황과 비유적 의미의 관계,상대가 없이 혼자서는 싸움이 되지 아니한다는 말.,그 일을 두고 사람들은 “한 손으로는 손뼉을 못 친다”라는 속담을 떠올렸다.,학습용 보충 문장,,19,532683
proverb-524814,속담,행차 뒤에 나팔,,상황과 비유적 의미의 관계,"사또 행차가 다 지나간 뒤에야 악대를 불러다 나팔을 불리고 북을 치게 한다는 뜻으로, 제때 안 하다가 뒤늦게 대책을 세우며 서두름을 핀잔하는 말.",그 일을 두고 사람들은 “행차 뒤에 나팔”이라는 속담을 떠올렸다.,학습용 보충 문장,,19,524814
proverb-524910,속담,황소 제 이불 뜯어 먹기,,상황과 비유적 의미의 관계,어떤 일을 한 결과가 결국 제 손해가 되었다는 말.,그 일을 두고 사람들은 “황소 제 이불 뜯어 먹기”라는 속담을 떠올렸다.,학습용 보충 문장,,19,524910
proverb-524956,속담,후추를 통째로 삼킨다,,상황과 비유적 의미의 관계,속 내용은 모르고 겉 형식만 취하는 어리석은 행동을 비꼬는 말.,그 일을 두고 사람들은 “후추를 통째로 삼킨다”라는 속담을 떠올렸다.,학습용 보충 문장,속을 파헤쳐 보지 아니하고서는 속내를 알 수 없다는 말.,5,524956
hanja-390212,한자 성어,각골난망,刻骨難忘,한자 성어의 표면적 뜻과 비유적 뜻,남에게 입은 은혜가 뼈에 새길 만큼 커서 잊히지 아니함.,그동안 보살펴 주신 선생님의 은혜는 실로 각골난망입니다.,표준국어대사전 용례,,1,390212
hanja-390663,한자 성어,각주구검,刻舟求劍,한자 성어의 표면적 뜻과 비유적 뜻,융통성 없이 현실에 맞지 않는 낡은 생각을 고집하는 어리석음을 이르는 말. 초나라 사람이 배에서 칼을 물속에 떨어뜨리고 그 위치를 뱃전에 표시하였다가 나중에 배가 움직인 것을 생각하지 않고 칼을 찾았다는 데서 유래한다. ≪여씨춘추≫의 <찰금편(察今篇)>에 나오는 말이다.,사람들은 그 상황을 ‘각주구검’이라고 평했다.,학습용 보충 문장,,1,390663
hanja-6515,한자 성어,간담상조,肝膽相照,한자 성어의 표면적 뜻과 비유적 뜻,서로 속마음을 털어놓고 친하게 사귐.,사람들은 그 상황을 ‘간담상조’라고 평했다.,학습용 보충 문장,,"5,6",6515
hanja-388513,한자 성어,감언이설,甘言利說,한자 성어의 표면적 뜻과 비유적 뜻,귀가 솔깃하도록 남의 비위를 맞추거나 이로운 조건을 내세워 꾀는 말.,감언이설에 넘어가다.,표준국어대사전 용례,,7,388513
hanja-7154,한자 성어,감지덕지,感之德之,한자 성어의 표면적 뜻과 비유적 뜻,분에 넘치는 듯싶어 매우 고맙게 여기는 모양.,돈을 감지덕지 받다.,표준국어대사전 용례,,7,7154
hanja-8101,한자 성어,감탄고토,甘呑苦吐,한자 성어의 표면적 뜻과 비유적 뜻,"달면 삼키고 쓰면 뱉는다는 뜻으로, 자신의 비위에 따라서 사리의 옳고 그름을 판단함을 이르는 말.",경영인들은 경기가 호황일 땐 야근을 시키며 노동자들의 희생을 강요하고 불황일 땐 임금부터 삭감하려 드는 감탄고토의 자세를 버려야 한다.,표준국어대사전 용례,,2,8101
hanja-11695,한자 성어,거두절미,去頭截尾,한자 성어의 표면적 뜻과 비유적 뜻,머리와 꼬리를 잘라 버림.,사람들은 그 상황을 ‘거두절미’라고 평했다.,학습용 보충 문장,어떤 일의 요점만 간단히 말함.,7,11695
hanja-13044,한자 성어,건곤일척,乾坤一擲,한자 성어의 표면적 뜻과 비유적 뜻,"주사위를 던져 승패를 건다는 뜻으로, 운명을 걸고 단판걸이로 승부를 겨룸을 이르는 말.",건곤일척의 혈투를 벌이다.,표준국어대사전 용례,,7,13044
hanja-17590,한자 성어,견강부회,牽強附會,한자 성어의 표면적 뜻과 비유적 뜻,이치에 맞지 않는 말을 억지로 끌어 붙여 자기에게 유리하게 함.,사람들은 그 상황을 ‘견강부회’라고 평했다.,학습용 보충 문장,,6,17590
hanja-16297,한자 성어,견리사의,見利思義,한자 성어의 표면적 뜻과 비유적 뜻,눈앞의 이익을 보면 의리를 먼저 생각함.,사람들은 그 상황을 ‘견리사의’라고 평했다.,학습용 보충 문장,,7,16297
hanja-15743,한자 성어,견마지로,犬馬之勞,한자 성어의 표면적 뜻과 비유적 뜻,"개나 말 정도의 하찮은 힘이라는 뜻으로, 윗사람에게 충성을 다하는 자신의 노력을 낮추어 이르는 말.",민족을 위해서 어떤 일이든 견마지로를 다하겠습니다.,표준국어대사전 용례,,2,15743
hanja-15964,한자 성어,견마지심,犬馬之心,한자 성어의 표면적 뜻과 비유적 뜻,"개나 말이 주인을 위하는 마음이라는 뜻으로, 신하나 백성이 임금이나 나라에 충성하는 마음을 낮추어 이르는 말.",사람들은 그 상황을 ‘견마지심’이라고 평했다.,학습용 보충 문장,,1,15964
hanja-392348,한자 성어,견물생심,見物生心,한자 성어의 표면적 뜻과 비유적 뜻,어떠한 실물을 보게 되면 그것을 가지고 싶은 욕심이 생김.,견물생심이라고 무심코 열어 본 경대 서랍에서 돈을 본 순간 자신도 모르게 손이 갔다고 한다.,표준국어대사전 용례,,7,392348
hanja-391818,한자 성어,견원지간,犬猿之間,한자 성어의 표면적 뜻과 비유적 뜻,"개와 원숭이의 사이라는 뜻으로, 사이가 매우 나쁜 두 관계를 비유적으로 이르는 말.",고대 희랍의 도시 국가인 아테네와 스파르타는 견원지간이라 전쟁이 끊이지 않았다.,표준국어대사전 용례,,"7,8",391818
hanja-392913,한자 성어,결초보은,結草報恩,한자 성어의 표면적 뜻과 비유적 뜻,"죽은 뒤에라도 은혜를 잊지 않고 갚음을 이르는 말. 중국 춘추 시대에, 진나라의 위과(魏顆)가 아버지가 세상을 떠난 후에 서모를 개가시켜 순사(殉死)하지 않게 하였더니, 그 뒤 싸움터에서 그 서모 아버지의 혼이 적군의 앞길에 풀을 묶어 적을 넘어뜨려 위과가 공을 세울 수 있도록 하였다는 고사에서 유래한다.",영감의 은혜는 백골난망이외다. 죽어 저승에 가서라도 결초보은을 하오리다.,표준국어대사전 용례,,1,392913
hanja-395037,한자 성어,경천동지,驚天動地,한자 성어의 표면적 뜻과 비유적 뜻,"하늘을 놀라게 하고 땅을 뒤흔든다는 뜻으로, 세상을 몹시 놀라게 함을 비유적으로 이르는 말.",경천동지의 소식.,표준국어대사전 용례,,"7,8",395037
hanja-396266,한자 성어,고식지계,姑息之計,한자 성어의 표면적 뜻과 비유적 뜻,우선 당장 편한 것만을 택하는 꾀나 방법. 한때의 안정을 얻기 위하여 임시로 둘러맞추어 처리하거나 이리저리 주선하여 꾸며 내는 계책을 이른다.,내 나라 팔아 가며 내 권리 주어 가며 고식지계 도모하여 인군에게 득죄하고 백성에게 적원하여….,표준국어대사전 용례,,,396266
hanja-399741,한자 성어,고육지계,苦肉之計,한자 성어의 표면적 뜻과 비유적 뜻,"자기 몸을 상해 가면서까지 꾸며 내는 계책이라는 뜻으로, 어려운 상태를 벗어나기 위해 어쩔 수 없이 꾸며 내는 계책을 이르는 말.",사람들은 그 상황을 ‘고육지계’라고 평했다.,학습용 보충 문장,,"7,8",399741
hanja-25625,한자 성어,고육지책,苦肉之策,한자 성어의 표면적 뜻과 비유적 뜻,"자기 몸을 상해 가면서까지 꾸며 내는 계책이라는 뜻으로, 어려운 상태를 벗어나기 위해 어쩔 수 없이 꾸며 내는 계책을 이르는 말.",지겨운 가난을 면하기 위해 고육지책으로 개가해 간 게 오히려 고생문으로 자청해 들어간 꼴이 되었다.,표준국어대사전 용례,,"7,8",25625
hanja-395596,한자 성어,고장난명,孤掌難鳴,한자 성어의 표면적 뜻과 비유적 뜻,"외손뼉만으로는 소리가 울리지 아니한다는 뜻으로, 혼자의 힘만으로 어떤 일을 이루기 어려움을 이르는 말.","누구 한 사람 도와주는 사람이 없으니 실로 고장난명이라, 일을 하기가 너무 어려웠다.",표준국어대사전 용례,맞서는 사람이 없으면 싸움이 일어나지 아니함을 이르는 말.,"1,2",395596
hanja-394076,한자 성어,고진감래,苦盡甘來,한자 성어의 표면적 뜻과 비유적 뜻,"쓴 것이 다하면 단 것이 온다는 뜻으로, 고생 끝에 즐거움이 옴을 이르는 말.",고진감래라더니 이렇게 좋은 일도 있구나.,표준국어대사전 용례,,2,394076
hanja-391659,한자 성어,곡학아세,曲學阿世,한자 성어의 표면적 뜻과 비유적 뜻,바른길에서 벗어난 학문으로 세상 사람에게 아첨함.,고리타분한 한자를 뒤섞어 중국 놈 밀가루 반죽하듯 짓이겨 놓은 글이란 대체로 혹세무민 아니면 곡학아세의 무리들이 지은 걸로 보아 무방할 것입니다.,표준국어대사전 용례,,"7,8",391659
hanja-29921,한자 성어,공전절후,空前絕後,한자 성어의 표면적 뜻과 비유적 뜻,이전에도 없었고 앞으로도 없음.,송흥록은 가왕의 이름까지 받은 공전절후의 명창이거늘 주덕기의 소위는 무례 막심하다.,표준국어대사전 용례,,"5,6",29921
hanja-396229,한자 성어,관포지교,管鮑之交,한자 성어의 표면적 뜻과 비유적 뜻,"관중과 포숙의 사귐이란 뜻으로, 우정이 아주 돈독한 친구 관계를 이르는 말.",사람들은 그 상황을 ‘관포지교’라고 평했다.,학습용 보충 문장,,"5,6",396229
hanja-401298,한자 성어,괄목상대,刮目相對,한자 성어의 표면적 뜻과 비유적 뜻,"눈을 비비고 상대편을 본다는 뜻으로, 남의 학식이나 재주가 놀랄 만큼 부쩍 늚을 이르는 말.",사람들은 그 상황을 ‘괄목상대’라고 평했다.,학습용 보충 문장,,"7,8",401298
hanja-36216,한자 성어,괴괴망측,怪怪罔測,한자 성어의 표면적 뜻과 비유적 뜻,말할 수 없을 만큼 이상야릇함.,사람들은 그 상황을 ‘괴괴망측’이라고 평했다.,학습용 보충 문장,,"7,8",36216
hanja-33289,한자 성어,괴담이설,怪談異說,한자 성어의 표면적 뜻과 비유적 뜻,괴상하고 이상한 이야기.,사람들은 그 상황을 ‘괴담이설’이라고 평했다.,학습용 보충 문장,,8,33289
hanja-396286,한자 성어,교각살우,矯角殺牛,한자 성어의 표면적 뜻과 비유적 뜻,"소의 뿔을 바로잡으려다가 소를 죽인다는 뜻으로, 잘못된 점을 고치려다가 그 방법이나 정도가 지나쳐 오히려 일을 그르침을 이르는 말.",사람들은 그 상황을 ‘교각살우’라고 평했다.,학습용 보충 문장,,2,396286
hanja-402164,한자 성어,교왕과직,矯枉過直,한자 성어의 표면적 뜻과 비유적 뜻,"굽은 것을 바로잡으려다가 정도에 지나치게 곧게 한다는 뜻으로, 잘못된 것을 바로잡으려다가 너무 지나쳐서 오히려 나쁘게 됨을 이르는 말.",사람들은 그 상황을 ‘교왕과직’이라고 평했다.,학습용 보충 문장,,2,402164
hanja-397453,한자 성어,구우일모,九牛一毛,한자 성어의 표면적 뜻과 비유적 뜻,"아홉 마리의 소 가운데 박힌 하나의 털이란 뜻으로, 매우 많은 것 가운데 극히 적은 수를 이르는 말.","미리 말씀드릴 것은, 이것은 그들이 저지른 친일 행위의 단적인 예에 불과한 것이며, 구우일모에 지나지 않는다는 사실입니다.",표준국어대사전 용례,,8,397453
hanja-397934,한자 성어,구중궁궐,九重宮闕,한자 성어의 표면적 뜻과 비유적 뜻,"겹겹이 문으로 막은 깊은 궁궐이라는 뜻으로, 임금이 있는 대궐 안을 이르는 말.",많은 궁녀들이 구중궁궐에서 쓸쓸히 늙어 갔다.,표준국어대사전 용례,,8,397934
hanja-37807,한자 성어,구중심처,九重深處,한자 성어의 표면적 뜻과 비유적 뜻,밖으로 잘 드러나지 않는 깊숙한 곳.,그러니 자연 행세하는 가문에서는 수절하는 과부를 구중심처 깊은 곳에 겹겹이 가두어 두고 바깥 사람은 일절 만나지 못하게 하여….,표준국어대사전 용례,"겹겹이 문으로 막은 깊은 궁궐이라는 뜻으로, 임금이 있는 대궐 안을 이르는 말.",,37807
hanja-402347,한자 성어,군계일학,群鷄一鶴,한자 성어의 표면적 뜻과 비유적 뜻,"닭의 무리 가운데에서 한 마리의 학이란 뜻으로, 많은 사람 가운데서 뛰어난 인물을 이르는 말. ≪진서(晉書)≫의 <혜소전(嵆紹傳)>에 나오는 말이다.",많은 사람 틈에 섞이면 군계일학 격으로 그의 품격은 더욱 두드러져 보였다.,표준국어대사전 용례,,3,402347
hanja-400373,한자 성어,권토중래,捲土重來,한자 성어의 표면적 뜻과 비유적 뜻,"땅을 말아 일으킬 것 같은 기세로 다시 온다는 뜻으로, 한 번 실패하였으나 힘을 회복하여 다시 쳐들어옴을 이르는 말. 중국 당나라 두목의 <오강정시(烏江亭詩)>에 나오는 말로, 항우가 유방과의 결전에서 패하여 오강(烏江) 근처에서 자결한 것을 탄식한 말에서 유래한다.",사람들은 그 상황을 ‘권토중래’라고 평했다.,학습용 보충 문장,어떤 일에 실패한 뒤에 힘을 가다듬어 다시 그 일에 착수함을 비유하여 이르는 말.,8,400373
hanja-400936,한자 성어,금과옥조,金科玉條,한자 성어의 표면적 뜻과 비유적 뜻,금이나 옥처럼 귀중히 여겨 꼭 지켜야 할 법칙이나 규정.,언론의 자유를 금과옥조로 삼다.,표준국어대사전 용례,,7,400936
hanja-46965,한자 성어,금란지계,金蘭之契,한자 성어의 표면적 뜻과 비유적 뜻,친구 사이의 매우 두터운 정을 이르는 말.,사람들은 그 상황을 ‘금란지계’라고 평했다.,학습용 보충 문장,,"5,6",46965
hanja-46967,한자 성어,금란지의,金蘭之誼,한자 성어의 표면적 뜻과 비유적 뜻,친구 사이의 매우 두터운 정을 이르는 말.,사람들은 그 상황을 ‘금란지의’라고 평했다.,학습용 보충 문장,,"5,6",46967
hanja-48223,한자 성어,금지옥엽,金枝玉葉,한자 성어의 표면적 뜻과 비유적 뜻,"금으로 된 가지와 옥으로 된 잎이라는 뜻으로, 임금의 가족을 높여 이르는 말.",하긴 원나라 여자들이 흔히 말을 타고 사냥까지 하는 것을 보았으나 금지옥엽인 노국 공주까지 말을 탈 줄 안다는 것은 고려의 공자로는 생각도 못 한 일이었다.,표준국어대사전 용례,귀한 자손을 이르는 말. | 구름의 아름다운 모양을 이르는 말.,3,48223
hanja-49120,한자 성어,기고만장,氣高萬丈,한자 성어의 표면적 뜻과 비유적 뜻,펄펄 뛸 만큼 대단히 성이 남.,사람들은 그 상황을 ‘기고만장’이라고 평했다.,학습용 보충 문장,"일이 뜻대로 잘될 때, 우쭐하여 뽐내는 기세가 대단함.",7,49120
hanja-50057,한자 성어,기호지세,騎虎之勢,한자 성어의 표면적 뜻과 비유적 뜻,"호랑이를 타고 달리는 형세라는 뜻으로, 이미 시작한 일을 중도에서 그만둘 수 없는 경우를 비유적으로 이르는 말.",우리의 거사는 기호지세의 형국이니 목적을 달성할 때까지 버티어야 한다.,표준국어대사전 용례,,7,50057
hanja-407233,한자 성어,난공불락,難攻不落,한자 성어의 표면적 뜻과 비유적 뜻,공격하기가 어려워 쉽사리 함락되지 아니함.,난공불락의 성채.,표준국어대사전 용례,,"7,8",407233
hanja-60227,한자 성어,난형난제,難兄難弟,한자 성어의 표면적 뜻과 비유적 뜻,"누구를 형이라 하고 누구를 아우라 하기 어렵다는 뜻으로, 두 사물이 비슷하여 낫고 못함을 정하기 어려움을 이르는 말.",난형난제의 실력.,표준국어대사전 용례,,"7,8",60227
hanja-407771,한자 성어,낭중지추,囊中之錐,한자 성어의 표면적 뜻과 비유적 뜻,"주머니 속의 송곳이라는 뜻으로, 재능이 뛰어난 사람은 숨어 있어도 저절로 사람들에게 알려짐을 이르는 말.",사람들은 그 상황을 ‘낭중지추’라고 평했다.,학습용 보충 문장,,"3,7,8",407771
hanja-69191,한자 성어,누란지위,累卵之危,한자 성어의 표면적 뜻과 비유적 뜻,"층층이 쌓아 놓은 알의 위태로움이라는 뜻으로, 몹시 아슬아슬한 위기를 비유적으로 이르는 말. ≪사기≫ <범저채택열전(范雎蔡澤列傳)>에 나오는 말이다.",논개는 누란지위에 처한 나라를 구하기 위해 왜장을 안고 진주 남강에 떨어져 죽었다.,표준국어대사전 용례,,"7,8",69191
hanja-73143,한자 성어,다기망양,多岐亡羊,한자 성어의 표면적 뜻과 비유적 뜻,"갈림길이 많아 잃어버린 양을 찾지 못한다는 뜻으로, 두루 섭렵하기만 하고 전공하는 바가 없어 끝내 성취하지 못함을 이르는 말. ≪열자(列子)≫<설부(雪符)>에 나오는 말이다.",사람들은 그 상황을 ‘다기망양’이라고 평했다.,학습용 보충 문장,방침이 많아서 도리어 갈 바를 모름.,"7,8",73143
hanja-72873,한자 성어,다문박식,多聞博識,한자 성어의 표면적 뜻과 비유적 뜻,보고 들은 것이 많고 아는 것이 많음.,사람들은 그 상황을 ‘다문박식’이라고 평했다.,학습용 보충 문장,,8,72873
hanja-73426,한자 성어,다정다감,多情多感,한자 성어의 표면적 뜻과 비유적 뜻,정이 많고 감정이 풍부함.,"무엇이 여자를 이렇게 만들었나. 마약의 심연으로, 다정다감이 유죄요….",표준국어대사전 용례,,8,73426
hanja-410100,한자 성어,단금지교,斷金之交,한자 성어의 표면적 뜻과 비유적 뜻,"쇠라도 자를 만큼 강한 교분이라는 뜻으로, 매우 두터운 우정을 이르는 말.",사람들은 그 상황을 ‘단금지교’라고 평했다.,학습용 보충 문장,,"5,6",410100
hanja-412431,한자 성어,단기지계,斷機之戒,한자 성어의 표면적 뜻과 비유적 뜻,"학문을 중도에서 그만두면 짜던 베의 날을 끊는 것처럼 아무 쓸모 없음을 경계한 말. ≪후한서≫의 <열녀전(列女傳)>에 나오는 것으로, 맹자가 수학(修學) 도중에 집에 돌아오자, 그의 어머니가 짜던 베를 끊어 그를 훈계하였다는 데서 유래한다.",사람들은 그 상황을 ‘단기지계’라고 평했다.,학습용 보충 문장,,8,412431
hanja-78872,한자 성어,당구풍월,堂狗風月,한자 성어의 표면적 뜻과 비유적 뜻,"서당에서 기르는 개가 풍월을 읊는다는 뜻으로, 그 분야에 대하여 경험과 지식이 전혀 없는 사람이라도 오래 있으면 얼마간의 경험과 지식을 가짐을 이르는 말.",사람들은 그 상황을 ‘당구풍월’이라고 평했다.,학습용 보충 문장,,8,78872
hanja-411008,한자 성어,당랑거철,螳螂拒轍,한자 성어의 표면적 뜻과 비유적 뜻,"제 역량을 생각하지 않고, 강한 상대나 되지 않을 일에 덤벼드는 무모한 행동거지를 비유적으로 이르는 말. 중국 제나라 장공(莊公)이 사냥을 나가는데 사마귀가 앞발을 들고 수레바퀴를 멈추려 했다는 데서 유래한다. ≪장자≫의 <인간세편(人間世篇)>에 나오는 말이다.",당랑거철도 유분수지 그런 일에 덤벼들다니.,표준국어대사전 용례,,"3,4",411008
hanja-79752,한자 성어,대기만성,大器晩成,한자 성어의 표면적 뜻과 비유적 뜻,"큰 그릇을 만드는 데는 시간이 오래 걸린다는 뜻으로, 크게 될 사람은 늦게 이루어짐을 이르는 말.",사람들은 그 상황을 ‘대기만성’이라고 평했다.,학습용 보충 문장,,8,79752
hanja-411724,한자 성어,독수공방,獨守空房,한자 성어의 표면적 뜻과 비유적 뜻,혼자서 지내는 것.,함께 자취하던 친구가 시골집에 가서 요즈음은 나 혼자 독수공방이다.,표준국어대사전 용례,아내가 남편 없이 혼자 지내는 것.,9,411724
hanja-89144,한자 성어,동고동락,同苦同樂,한자 성어의 표면적 뜻과 비유적 뜻,괴로움도 즐거움도 함께함.,사람들은 그 상황을 ‘동고동락’이라고 평했다.,학습용 보충 문장,,9,89144
hanja-417068,한자 성어,동병상련,同病相憐,한자 성어의 표면적 뜻과 비유적 뜻,"같은 병을 앓는 사람끼리 서로 가엾게 여긴다는 뜻으로, 어려운 처지에 있는 사람끼리 서로 가엾게 여김을 이르는 말. ≪오월춘추≫의 <합려내전(闔閭內傳)>에 나온다.",저 두 사람은 같은 병을 앓다 보니까 동병상련이라고 형제보다 그 우애가 더하다.,표준국어대사전 용례,,9,417068
hanja-414422,한자 성어,동온하정,冬溫夏凊,한자 성어의 표면적 뜻과 비유적 뜻,"겨울에는 따뜻하게, 여름에는 서늘하게 한다는 뜻으로, 부모를 잘 섬기어 효도함을 이르는 말.",백발 편친이 누구를 의지하시며 동온하정과 신혼 정성 할 사람이 없으니….,표준국어대사전 용례,,3,414422
hanja-89459,한자 성어,동족방뇨,凍足放尿,한자 성어의 표면적 뜻과 비유적 뜻,"언 발에 오줌 누기라는 뜻으로, 잠시 동안만 효력이 있을 뿐 효력이 바로 사라짐을 비유적으로 이르는 말.",사람들은 그 상황을 ‘동족방뇨’라고 평했다.,학습용 보충 문장,,"1,2",89459
hanja-93266,한자 성어,두문불출,杜門不出,한자 성어의 표면적 뜻과 비유적 뜻,집에만 있고 바깥출입을 아니함.,아버지는 문을 굳게 닫고 사람들과의 접촉을 끊은 채 두문불출이시다.,표준국어대사전 용례,집에서 은거하면서 관직에 나가지 아니하거나 사회의 일을 하지 아니함을 비유적으로 이르는 말.,9,93266
hanja-95935,한자 성어,득의지추,得意之秋,한자 성어의 표면적 뜻과 비유적 뜻,일이 뜻대로 이루어졌거나 이루어질 좋은 기회.,상제께서 생령들을 구제코자 일조일석간이라도 비를 많이 주시면 만물 소생될 터이니 득의지추가 아닌가.,표준국어대사전 용례,,9,95935
hanja-418180,한자 성어,등화가친,燈火可親,한자 성어의 표면적 뜻과 비유적 뜻,"등불을 가까이할 만하다는 뜻으로, 서늘한 가을밤은 등불을 가까이 하여 글 읽기에 좋음을 이르는 말.",가을은 등화가친의 계절이다.,표준국어대사전 용례,,,418180
hanja-422770,한자 성어,마이동풍,馬耳東風,한자 성어의 표면적 뜻과 비유적 뜻,"동풍이 말의 귀를 스쳐 간다는 뜻으로, 남의 말을 귀담아듣지 아니하고 지나쳐 흘려버림을 이르는 말.",마이동풍으로 흘려듣다.,표준국어대사전 용례,,"9,10",422770
hanja-109155,한자 성어,막역지우,莫逆之友,한자 성어의 표면적 뜻과 비유적 뜻,"서로 거스름이 없는 친구라는 뜻으로, 허물이 없이 아주 친한 친구를 이르는 말.",그와는 어려서는 싸움도 많이 하였지만 뜻이 맞는 유일한 막역지우였다.,표준국어대사전 용례,,,109155
hanja-109340,한자 성어,만경창파,萬頃蒼波,한자 성어의 표면적 뜻과 비유적 뜻,"만 이랑의 푸른 물결이라는 뜻으로, 한없이 넓고 넓은 바다를 이르는 말.",창순은 돌연히 경비 순양함의 갑판을 향하여 무엇을 던지고 몸을 날려서 만경창파에 풍덩 빠졌다.,표준국어대사전 용례,,"9,10",109340
hanja-109022,한자 성어,만고절색,萬古絕色,한자 성어의 표면적 뜻과 비유적 뜻,세상에 비길 데 없이 뛰어난 미인.,사람들은 그 상황을 ‘만고절색’이라고 평했다.,학습용 보충 문장,,"9,10",109022
hanja-111862,한자 성어,만시지탄,晩時之歎/晩時之嘆,한자 성어의 표면적 뜻과 비유적 뜻,시기에 늦어 기회를 놓쳤음을 안타까워하는 탄식.,오래 길들인 생활의 터전을 내준 걸 후회했다. 후회해 봤자 만시지탄이었다.,표준국어대사전 용례,,"2,9,10",111862
hanja-108191,한자 성어,만원사례,滿員謝禮,한자 성어의 표면적 뜻과 비유적 뜻,"만원을 이루게 해 주어서 고맙다는 뜻으로, 이미 만원이 되어 들어오려는 사람을 더 받을 수 없음을 완곡하게 이르는 말. 극장 매표소에 써서 붙여 놓은 말에서 유래한다.",만원사례를 빚다.,표준국어대사전 용례,,"9,10",108191
hanja-420502,한자 성어,망양보뢰,亡羊補牢,한자 성어의 표면적 뜻과 비유적 뜻,"양을 잃고 우리를 고친다는 뜻으로, 이미 어떤 일을 실패한 뒤에 뉘우쳐도 아무 소용이 없음을 이르는 말. 원래는 양을 잃은 뒤에 우리를 고쳐도 늦지 않다는 뜻으로, 어떤 일을 실패해도 빨리 뉘우치고 수습하면 늦지 않는다는 말로 쓰였으나 현재는 주로 이와 같이 쓰이고 있다.",사람들은 그 상황을 ‘망양보뢰’라고 평했다.,학습용 보충 문장,,2,420502
hanja-112190,한자 성어,망양지탄,亡羊之歎/亡羊之嘆,한자 성어의 표면적 뜻과 비유적 뜻,"갈림길이 매우 많아 잃어버린 양을 찾을 길이 없음을 탄식한다는 뜻으로, 학문의 길이 여러 갈래여서 한 갈래의 진리도 얻기 어려움을 이르는 말.",사람들은 그 상황을 ‘망양지탄’이라고 평했다.,학습용 보충 문장,,10,112190
hanja-111666,한자 성어,망운지정,望雲之情,한자 성어의 표면적 뜻과 비유적 뜻,자식이 객지에서 고향에 계신 어버이를 생각하는 마음.,사람들은 그 상황을 ‘망운지정’이라고 평했다.,학습용 보충 문장,,3,111666
hanja-420905,한자 성어,맥수지탄,麥秀之歎/麥秀之嘆,한자 성어의 표면적 뜻과 비유적 뜻,고국의 멸망을 한탄함을 이르는 말. 기자(箕子)가 은(殷)나라가 망한 뒤에도 보리만은 잘 자라는 것을 보고 한탄하였다는 데서 유래한다.,사람들은 그 상황을 ‘맥수지탄’이라고 평했다.,학습용 보충 문장,,"3,4",420905
hanja-422134,한자 성어,면종복배,面從腹背,한자 성어의 표면적 뜻과 비유적 뜻,겉으로는 복종하는 체하면서 내심으로는 배반함.,사람들은 그 상황을 ‘면종복배’라고 평했다.,학습용 보충 문장,,10,422134
hanja-116939,한자 성어,명약관화,明若觀火,한자 성어의 표면적 뜻과 비유적 뜻,불을 보듯 분명하고 뻔함.,만일 그 통에 유 선달 집도 상인들에게 인심을 잃고 토호질을 하는 양반이었다면 화를 입었을 것이 명약관화였다.,표준국어대사전 용례,,10,116939
hanja-425280,한자 성어,목불식정,目不識丁,한자 성어의 표면적 뜻과 비유적 뜻,"아주 간단한 글자인 ‘丁’ 자를 보고도 그것이 ‘고무래’인 줄을 알지 못한다는 뜻으로, 아주 까막눈임을 이르는 말.",사람들은 그 상황을 ‘목불식정’이라고 평했다.,학습용 보충 문장,,1,425280
hanja-120786,한자 성어,묘항현령,猫項懸鈴,한자 성어의 표면적 뜻과 비유적 뜻,"쥐가 고양이 목에 방울을 단다는 뜻으로, 실행할 수 없는 헛된 논의를 이르는 말. 쥐가 고양이의 습격을 미리 막기 위한 수단으로 고양이의 목에 방울을 다는 일을 의논하였으나, 실행 불가능으로 끝났다는 우화에서 유래한다.",사람들은 그 상황을 ‘묘항현령’이라고 평했다.,학습용 보충 문장,,10,120786
hanja-424808,한자 성어,문경지교,刎頸之交,한자 성어의 표면적 뜻과 비유적 뜻,"서로를 위해서라면 목이 잘린다 해도 후회하지 않을 정도의 사이라는 뜻으로, 생사를 같이할 수 있는 아주 가까운 사이, 또는 그런 친구를 이르는 말. 중국 전국 시대의 인상여(藺相如)와 염파(廉頗)의 고사에서 유래하였다.",대개 이사준과 한흔은 임광재와 더불어 문경지교를 맺고서 음란한 일을 자행하였으니….,표준국어대사전 용례,,10,424808
hanja-136652,한자 성어,반면교사,反面敎師,한자 성어의 표면적 뜻과 비유적 뜻,사람이나 사물 따위의 부정적인 면에서 얻는 깨달음이나 가르침을 주는 대상을 이르는 말.,사람들은 그 상황을 ‘반면교사’라고 평했다.,학습용 보충 문장,"극히 나쁜 면만을 가르쳐 주는 선생이란 뜻으로, 중국에서 제국주의자ㆍ반동파ㆍ수정주의자를 이르는 말.",10,136652
hanja-133132,한자 성어,반포지효,反哺之孝,한자 성어의 표면적 뜻과 비유적 뜻,"까마귀 새끼가 자라서 늙은 어미에게 먹이를 물어다 주는 효(孝)라는 뜻으로, 자식이 자란 후에 어버이의 은혜를 갚는 효성을 이르는 말.",부모를 반포지효로 모시는 것은 자식의 마땅한 도리이다.,표준국어대사전 용례,,3,133132
hanja-136470,한자 성어,방약무인,傍若無人,한자 성어의 표면적 뜻과 비유적 뜻,곁에 사람이 없는 것처럼 아무 거리낌 없이 함부로 말하고 행동하는 태도가 있음.,남이 싫어하는 줄도 모르고 방약무인으로 떠들어 댄다.,표준국어대사전 용례,,9,136470
hanja-430186,한자 성어,백아절현,伯牙絕絃,한자 성어의 표면적 뜻과 비유적 뜻,"자기를 알아주는 참다운 벗의 죽음을 슬퍼함. 중국 춘추 시대에 백아(伯牙)는 거문고를 매우 잘 탔고 그의 벗 종자기(鍾子期)는 그 거문고 소리를 잘 들었는데, 종자기가 죽어 그 거문고 소리를 들을 사람이 없게 되자 백아가 절망하여 거문고 줄을 끊어 버리고 다시는 거문고를 타지 않았다는 데서 유래한다.",사람들은 그 상황을 ‘백아절현’이라고 평했다.,학습용 보충 문장,,"5,6",430186
hanja-430805,한자 성어,백척간두,百尺竿頭,한자 성어의 표면적 뜻과 비유적 뜻,"백 자나 되는 높은 장대 위에 올라섰다는 뜻으로, 몹시 어렵고 위태로운 지경을 이르는 말.",집안은 폐족이 되어 팔대 옥당의 명문이 백척간두에 서 있는 것이 원통하고 억울하다.,표준국어대사전 용례,,9,430805
hanja-152430,한자 성어,부창부수,夫唱婦隨,한자 성어의 표면적 뜻과 비유적 뜻,남편이 주장하고 아내가 이에 잘 따름. 또는 부부 사이의 그런 도리.,"부창부수라더니, 나한테 그리 대하자고 둘이서 약조했는가?",표준국어대사전 용례,,"3,4",152430
hanja-438554,한자 성어,부화뇌동,附和雷同,한자 성어의 표면적 뜻과 비유적 뜻,줏대 없이 남의 의견에 따라 움직임.,"남이 무어라고 한다 해서 쉽사리 부화뇌동, 주견도 없이 남의 의견을 따라 이리저리 흔들리는 것은 아예 처음부터 하지 않음만 못합니다.",표준국어대사전 용례,,9,438554
hanja-434790,한자 성어,불언가지,不言可知,한자 성어의 표면적 뜻과 비유적 뜻,아무 말을 하지 않아도 능히 알 수가 있음.,이모가 얼굴이 어두워져 들어온 것으로 볼 때 일이 어떻게 돌아가고 있는가 하는 것은 불언가지였다.,표준국어대사전 용례,,,434790
hanja-162017,한자 성어,불철주야,不撤晝夜,한자 성어의 표면적 뜻과 비유적 뜻,어떤 일에 몰두하여 조금도 쉴 사이 없이 밤낮을 가리지 아니함.,불철주야 학업에 정진하다.,표준국어대사전 용례,,9,162017
hanja-167902,한자 성어,사고무친,四顧無親,한자 성어의 표면적 뜻과 비유적 뜻,의지할 만한 사람이 아무도 없음.,사고무친의 외로운 신세.,표준국어대사전 용례,,10,167902
hanja-440307,한자 성어,사면초가,四面楚歌,한자 성어의 표면적 뜻과 비유적 뜻,"아무에게도 도움을 받지 못하는, 외롭고 곤란한 지경에 빠진 형편을 이르는 말. 초나라 항우가 사면을 둘러싼 한나라 군사 쪽에서 들려오는 초나라의 노랫소리를 듣고 초나라 군사가 이미 항복한 줄 알고 놀랐다는 데서 유래한다. ≪사기≫의 <항우본기(項羽本紀)>에 나오는 말이다.","성 밖에도 적, 성안에도 적, 그야말로 사면초가였다.",표준국어대사전 용례,,"3,4",440307
hanja-166963,한자 성어,사필귀정,事必歸正,한자 성어의 표면적 뜻과 비유적 뜻,모든 일은 반드시 바른길로 돌아감.,기다리면 조만간 필연코 사필귀정이 될 걸세.,표준국어대사전 용례,,"9,10",166963
hanja-173442,한자 성어,상명지통,喪明之痛,한자 성어의 표면적 뜻과 비유적 뜻,"눈이 멀 정도로 슬프다는 뜻으로, 아들이 죽은 슬픔을 비유적으로 이르는 말. 옛날 중국의 자하(子夏)가 아들을 잃고 슬피 운 끝에 눈이 멀었다는 데서 유래한다.",사람들은 그 상황을 ‘상명지통’이라고 평했다.,학습용 보충 문장,,,173442
hanja-179920,한자 성어,상전벽해,桑田碧海,한자 성어의 표면적 뜻과 비유적 뜻,"뽕나무밭이 변하여 푸른 바다가 된다는 뜻으로, 세상일의 변천이 심함을 비유적으로 이르는 말.",어린 시절 뛰놀던 고향은 상전벽해라는 비유가 어울릴 만큼 큰 변화가 있었다.,표준국어대사전 용례,,"9,10",179920
hanja-446587,한자 성어,새옹지마,塞翁之馬,한자 성어의 표면적 뜻과 비유적 뜻,"인생의 길흉화복은 변화가 많아서 예측하기가 어렵다는 말. 옛날에 새옹이 기르던 말이 오랑캐 땅으로 달아나서 노인이 낙심하였는데, 그 후에 달아났던 말이 준마를 한 필 끌고 와서 그 덕분에 훌륭한 말을 얻게 되었으나 아들이 그 준마를 타다가 떨어져서 다리가 부러졌으므로 노인이 다시 낙심하였는데, 그로 인하여 아들이 전쟁에 끌려 나가지 아니하고 죽음을 면할 수 있었다는 이야기에서 유래한다. 중국 ≪회남자≫의 ‘인간훈(人間訓)’에 나오는 말이다.",인간사는 새옹지마이다.,표준국어대사전 용례,,"9,10",446587
hanja-447995,한자 성어,서리지탄,黍離之歎/黍離之嘆,한자 성어의 표면적 뜻과 비유적 뜻,"나라가 멸망하여 옛 궁궐 터에는 기장만이 무성한 것을 탄식한다는 뜻으로, 세상의 영고성쇠가 무상함을 탄식하며 이르는 말.",사람들은 그 상황을 ‘서리지탄’이라고 평했다.,학습용 보충 문장,,4,447995
hanja-448384,한자 성어,설상가상,雪上加霜,한자 성어의 표면적 뜻과 비유적 뜻,"눈 위에 서리가 덮인다는 뜻으로, 난처한 일이나 불행한 일이 잇따라 일어남을 이르는 말.",시간도 없는데 설상가상으로 길까지 막혔다.,표준국어대사전 용례,,4,448384
hanja-444408,한자 성어,성동격서,聲東擊西,한자 성어의 표면적 뜻과 비유적 뜻,"동쪽에서 소리를 내고 서쪽에서 적을 친다는 뜻으로, 적을 유인하여 이쪽을 공격하는 체하다가 그 반대쪽을 치는 전술을 이르는 말.",사람들은 그 상황을 ‘성동격서’라고 평했다.,학습용 보충 문장,,"9,10",444408
hanja-191876,한자 성어,소탐대실,小貪大失,한자 성어의 표면적 뜻과 비유적 뜻,작은 것을 탐하다가 큰 것을 잃음.,사람들은 그 상황을 ‘소탐대실’이라고 평했다.,학습용 보충 문장,,3,191876
hanja-451671,한자 성어,수구초심,首丘初心,한자 성어의 표면적 뜻과 비유적 뜻,"여우가 죽을 때에 머리를 자기가 살던 굴 쪽으로 둔다는 뜻으로, 고향을 그리워하는 마음을 이르는 말.",수구초심이랍니다. 짐승도 죽을 때면 따뜻한 곳을 찾아 눕는다는데 하물며 사람이 고향 생각을 해야지.,표준국어대사전 용례,,10,451671
hanja-195482,한자 성어,수불석권,手不釋卷,한자 성어의 표면적 뜻과 비유적 뜻,손에서 책을 놓지 아니하고 늘 글을 읽음.,사람들은 그 상황을 ‘수불석권’이라고 평했다.,학습용 보충 문장,,4,195482
hanja-194262,한자 성어,수어지교,水魚之交,한자 성어의 표면적 뜻과 비유적 뜻,"물이 없으면 살 수 없는 물고기와 물의 관계라는 뜻으로, 아주 친밀하여 떨어질 수 없는 사이를 비유적으로 이르는 말.",사람들은 그 상황을 ‘수어지교’라고 평했다.,학습용 보충 문장,임금과 신하 또는 부부의 친밀함을 이르는 말.,6,194262
hanja-449858,한자 성어,수주대토,守株待兔,한자 성어의 표면적 뜻과 비유적 뜻,"한 가지 일에만 얽매여 발전을 모르는 어리석은 사람을 비유적으로 이르는 말. 중국 송나라의 한 농부가 우연히 나무 그루터기에 토끼가 부딪쳐 죽은 것을 잡은 후, 또 그와 같이 토끼를 잡을까 하여 일도 하지 않고 그루터기만 지키고 있었다는 데서 유래한다. ≪한비자≫의 <오두편(五蠹篇)>에 나오는 말이다.",사람들은 그 상황을 ‘수주대토’라고 평했다.,학습용 보충 문장,,10,449858
hanja-198366,한자 성어,숙맥불변,菽麥不辨,한자 성어의 표면적 뜻과 비유적 뜻,"콩인지 보리인지를 구별하지 못한다는 뜻으로, 사리 분별을 못 하고 세상 물정을 잘 모름을 이르는 말.",숙맥불변이라더니 내가 누군지 아직 모르겠느냐?,표준국어대사전 용례,,"1,2",198366
hanja-208041,한자 성어,십시일반,十匙一飯,한자 성어의 표면적 뜻과 비유적 뜻,"밥 열 술이 한 그릇이 된다는 뜻으로, 여러 사람이 조금씩 힘을 합하면 한 사람을 돕기 쉬움을 이르는 말.",차제에 우리가 십시일반으로 몇 푼씩 모아 그이 송덕비를 세워 드리자는 것입니다.,표준국어대사전 용례,,2,208041
hanja-456564,한자 성어,애지중지,愛之重之,한자 성어의 표면적 뜻과 비유적 뜻,매우 사랑하고 소중히 여기는 모양.,아이를 애지중지 키우다.,표준국어대사전 용례,,3,456564
hanja-226149,한자 성어,양두구육,羊頭狗肉,한자 성어의 표면적 뜻과 비유적 뜻,"양의 머리를 걸어 놓고 개고기를 판다는 뜻으로, 겉보기만 그럴듯하게 보이고 속은 변변하지 아니함을 이르는 말.",T 씨의 마음이 말 그대로의 액면이라면 고마운 마음이라고 아니 할 수 없었다. 그렇다고 해서 양두구육이 아니냐고 따져 볼 형편도 안 되는 것이었다.,표준국어대사전 용례,,10,226149
hanja-231782,한자 성어,어로불변,魚魯不辨,한자 성어의 표면적 뜻과 비유적 뜻,"어(魚) 자와 노(魯) 자를 구별하지 못한다는 뜻으로, 아주 무식함을 비유적으로 이르는 말.",사람들은 그 상황을 ‘어로불변’이라고 평했다.,학습용 보충 문장,,1,231782
hanja-456014,한자 성어,엄이도령,掩耳盜鈴,한자 성어의 표면적 뜻과 비유적 뜻,"귀를 막고 방울을 훔친다는 뜻으로, 모든 사람이 그 잘못을 다 알고 있는데 얕은꾀를 써서 남을 속이려 함을 이르는 말. ≪여씨춘추≫ <불구론(不苟論)>의 <자지편(自知篇)>에 나오는 말이다.",사람들은 그 상황을 ‘엄이도령’이라고 평했다.,학습용 보충 문장,,"1,2",456014
hanja-230354,한자 성어,여리박빙,如履薄氷,한자 성어의 표면적 뜻과 비유적 뜻,"살얼음을 밟는 것과 같다는 뜻으로, 아슬아슬하고 위험한 일을 비유적으로 이르는 말.",사람들은 그 상황을 ‘여리박빙’이라고 평했다.,학습용 보충 문장,,10,230354
hanja-231313,한자 성어,역지사지,易地思之,한자 성어의 표면적 뜻과 비유적 뜻,처지를 바꾸어서 생각하여 봄.,사람들은 그 상황을 ‘역지사지’라고 평했다.,학습용 보충 문장,,5,231313
hanja-458106,한자 성어,연목구어,緣木求魚,한자 성어의 표면적 뜻과 비유적 뜻,"나무에 올라가서 물고기를 구한다는 뜻으로, 도저히 불가능한 일을 굳이 하려 함을 비유적으로 이르는 말.",실업자가 늘고 있는 상황에서 소비 심리가 개선되기를 바라는 것은 연목구어나 마찬가지다.,표준국어대사전 용례,,10,458106
hanja-238030,한자 성어,연하고질,煙霞痼疾,한자 성어의 표면적 뜻과 비유적 뜻,자연의 아름다운 경치를 몹시 사랑하고 즐기는 성벽(性癖).,사람들은 그 상황을 ‘연하고질’이라고 평했다.,학습용 보충 문장,,"11,12",238030
hanja-241919,한자 성어,오비이락,烏飛梨落,한자 성어의 표면적 뜻과 비유적 뜻,"까마귀 날자 배 떨어진다는 뜻으로, 아무 관계도 없이 한 일이 공교롭게도 때가 같아 억울하게 의심을 받거나 난처한 위치에 서게 됨을 이르는 말.",오비이락으로 하필 조카아이가 집을 나간 것이 어제여서 혐의를 둔 모양일세.,표준국어대사전 용례,,5,241919
hanja-242784,한자 성어,오십보백보,五十步百步,한자 성어의 표면적 뜻과 비유적 뜻,"조금 낫고 못한 정도의 차이는 있으나 본질적으로는 차이가 없음을 이르는 말. 중국 양(梁)나라 혜왕(惠王)이 정사(政事)에 관하여 맹자에게 물었을 때, 전쟁에 패하여 어떤 자는 백 보를, 또 어떤 자는 오십 보를 도망했다면, 백 보를 물러간 사람이나 오십 보를 물러간 사람이나 도망한 것에는 양자의 차이가 없다고 대답한 데서 유래한다.",49등이나 50등이나 오십보백보다.,표준국어대사전 용례,,11,242784
hanja-459299,한자 성어,오월동주,吳越同舟,한자 성어의 표면적 뜻과 비유적 뜻,"서로 적의를 품은 사람들이 한자리에 있게 된 경우나 서로 협력하여야 하는 상황을 비유적으로 이르는 말. 중국 춘추 전국 시대에, 서로 적대시하는 오나라 사람과 월나라 사람이 같은 배를 탔으나 풍랑을 만나서 서로 단합하여야 했다는 데에서 유래한다. 출전은 ≪손자(孫子)≫의 <구지편(九地篇)>이다.",사람들은 그 상황을 ‘오월동주’라고 평했다.,학습용 보충 문장,,11,459299
hanja-247049,한자 성어,와신상담,臥薪嘗膽,한자 성어의 표면적 뜻과 비유적 뜻,"불편한 섶에 몸을 눕히고 쓸개를 맛본다는 뜻으로, 원수를 갚거나 마음먹은 일을 이루기 위하여 온갖 어려움과 괴로움을 참고 견딤을 비유적으로 이르는 말. ≪사기≫의 <월세가(越世家)>와 ≪십팔사략≫ 등에 나오는 이야기로, 중국 춘추 시대 오나라의 왕 부차(夫差)가 아버지의 원수를 갚기 위하여 장작더미 위에서 잠을 자며 월나라의 왕 구천(句踐)에게 복수할 것을 맹세하였고, 그에게 패배한 월나라의 왕 구천이 쓸개를 핥으면서 복수를 다짐한 데서 유래한다.",절치부심에다 와신상담을 짬뽕해 가지고 언젠가는 내가 되로 받은 것을 상대방한테 말로 갚아 버릴 작정이지.,표준국어대사전 용례,,11,247049
hanja-464729,한자 성어,용호상박,龍虎相搏,한자 성어의 표면적 뜻과 비유적 뜻,"용과 범이 서로 싸운다는 뜻으로, 강자끼리 서로 싸움을 이르는 말.",사람들은 그 상황을 ‘용호상박’이라고 평했다.,학습용 보충 문장,,11,464729
hanja-515179,한자 성어,우공이산,愚公移山,한자 성어의 표면적 뜻과 비유적 뜻,"우공이 산을 옮긴다는 뜻으로, 어떤 일이든 끊임없이 노력하면 반드시 이루어짐을 이르는 말. 우공(愚公)이라는 노인이 집을 가로막은 산을 옮기려고 대대로 산의 흙을 파서 나르겠다고 하여 이에 감동한 하느님이 산을 옮겨 주었다는 데서 유래한다. ≪열자(列子)≫의 <탕문편(湯問篇)>에 나오는 말이다.",나는 우공이산을 좌우명 삼아 묵묵히 일한다.,표준국어대사전 용례,,11,515179
hanja-469051,한자 성어,위편삼절,韋編三絕,한자 성어의 표면적 뜻과 비유적 뜻,"공자가 주역을 즐겨 읽어 책의 가죽끈이 세 번이나 끊어졌다는 뜻으로, 책을 열심히 읽음을 이르는 말. ≪사기≫의 <공자세가(孔子世家)>에서 유래한다.",사람들은 그 상황을 ‘위편삼절’이라고 평했다.,학습용 보충 문장,,"11,12",469051
hanja-254751,한자 성어,유만부동,類萬不同,한자 성어의 표면적 뜻과 비유적 뜻,비슷한 것이 많으나 서로 같지는 아니함.,형제간이라도 유만부동이라 그는 막내를 유달리 사랑한다.,표준국어대사전 용례,정도에 넘침. 또는 분수에 맞지 아니함.,"11,12",254751
hanja-468690,한자 성어,유유상종,類類相從,한자 성어의 표면적 뜻과 비유적 뜻,같은 무리끼리 서로 사귐.,유유상종이라고 하더니 고만고만한 녀석들끼리 모였다.,표준국어대사전 용례,,5,468690
hanja-472506,한자 성어,읍참마속,泣斬馬謖,한자 성어의 표면적 뜻과 비유적 뜻,"큰 목적을 위하여 자기가 아끼는 사람을 버림을 이르는 말. ≪삼국지≫의 <마속전(馬謖傳)>에 나오는 말로, 중국 촉나라 제갈량이 군령을 어기어 가정(街亭) 싸움에서 패한 마속을 눈물을 머금고 참형에 처하였다는 데서 유래한다.",사람들은 그 상황을 ‘읍참마속’이라고 평했다.,학습용 보충 문장,,"11,12",472506
hanja-264694,한자 성어,이합집산,離合集散,한자 성어의 표면적 뜻과 비유적 뜻,헤어졌다가 만나고 모였다가 흩어짐.,제각기 제 살 구멍을 찾아 이합집산을 서두르는 거대한 개미 떼와도 같이 이리저리 쏠리고 있었다.,표준국어대사전 용례,,"11,12",264694
hanja-272636,한자 성어,일모도원,日暮途遠,한자 성어의 표면적 뜻과 비유적 뜻,"날은 저물고 갈 길은 멀다는 뜻으로, 늙고 쇠약한데 앞으로 해야 할 일은 많음을 이르는 말. ≪사기≫의 <오자서열전(伍子胥列傳)>에 나오는 말이다.","지금 삼십몇이시니 앞으로 50년은 남아 있지 않습니까. 일모도원이 아니라 해는 바야흐로 중천에 있다, 아닙니까.",표준국어대사전 용례,,"11,12",272636
hanja-271076,한자 성어,일자무식,一字無識,한자 성어의 표면적 뜻과 비유적 뜻,글자를 한 자도 모를 정도로 무식함. 또는 그런 사람.,일자무식인 백성들도 예절은 안다.,표준국어대사전 용례,어떤 분야에 대하여 아는 바가 하나도 없음을 비유적으로 이르는 말.,"1,2",271076
hanja-476094,한자 성어,일취월장,日就月將,한자 성어의 표면적 뜻과 비유적 뜻,나날이 다달이 자라거나 발전함.,기세가 일취월장으로 오르다.,표준국어대사전 용례,,"11,12",476094
hanja-473179,한자 성어,임기응변,臨機應變,한자 성어의 표면적 뜻과 비유적 뜻,그때그때 처한 사태에 맞추어 즉각 그 자리에서 결정하거나 처리함.,임기응변에 능하다.,표준국어대사전 용례,,"1,2",473179
hanja-271515,한자 성어,임시변통,臨時變通,한자 성어의 표면적 뜻과 비유적 뜻,갑자기 터진 일을 우선 간단하게 둘러맞추어 처리함.,준구가 보니 그의 눈매에 맺혀 있던 노기가 자책으로 바뀌어 그의 말이 결코 임시변통이나 궁여지책이 아님을 밝혀 주고 있었다.,표준국어대사전 용례,,"1,2",271515
hanja-473371,한자 성어,자가당착,自家撞着,한자 성어의 표면적 뜻과 비유적 뜻,같은 사람의 말이나 행동이 앞뒤가 서로 맞지 아니하고 모순됨.,자가당착에 빠지다.,표준국어대사전 용례,,12,473371
hanja-273038,한자 성어,자강불식,自強不息,한자 성어의 표면적 뜻과 비유적 뜻,스스로 힘써 몸과 마음을 가다듬어 쉬지 아니함.,자강불식의 기상.,표준국어대사전 용례,,12,273038
hanja-279492,한자 성어,자승자박,自繩自縛,한자 성어의 표면적 뜻과 비유적 뜻,"자기의 줄로 자기 몸을 옭아 묶는다는 뜻으로, 자기가 한 말과 행동에 자기 자신이 옭혀 곤란하게 됨을 비유적으로 이르는 말.",무수한 여자 가운데의 하나를 골라서 아내로 한다는 것은 스스로를 그렇게 속박하겠다고 한 것이나 다를 바가 없으니 이를테면 자승자박이다.,표준국어대사전 용례,제 마음으로 번뇌를 일으켜 괴로움을 만듦을 비유적으로 이르는 말.,12,279492
hanja-277505,한자 성어,자신지책,資身之策,한자 성어의 표면적 뜻과 비유적 뜻,자기 한 몸의 생활을 꾀하는 계책.,사람들은 그 상황을 ‘자신지책’이라고 평했다.,학습용 보충 문장,,12,277505
hanja-475111,한자 성어,적수공권,赤手空拳,한자 성어의 표면적 뜻과 비유적 뜻,"맨손과 맨주먹이라는 뜻으로, 아무것도 가진 것이 없음을 이르는 말.",그는 적수공권으로 외국에 나가 큰돈을 모았다.,표준국어대사전 용례,,12,475111
hanja-285975,한자 성어,전대미문,前代未聞,한자 성어의 표면적 뜻과 비유적 뜻,이제까지 들어 본 적이 없음.,전대미문의 대기록을 세우다.,표준국어대사전 용례,,"5,6",285975
hanja-288001,한자 성어,전도유망,前途有望,한자 성어의 표면적 뜻과 비유적 뜻,앞으로 잘될 희망이 있음.,사람들은 그 상황을 ‘전도유망’이라고 평했다.,학습용 보충 문장,,11,288001
hanja-287164,한자 성어,전무후무,前無後無,한자 성어의 표면적 뜻과 비유적 뜻,이전에도 없었고 앞으로도 없음.,그는 올림픽 5연패라는 전무후무의 대기록을 세웠다.,표준국어대사전 용례,,"5,6",287164
hanja-291593,한자 성어,전인미답,前人未踏,한자 성어의 표면적 뜻과 비유적 뜻,이제까지 그 누구도 가 보지 못함.,전인미답의 비경(祕境).,표준국어대사전 용례,이제까지 그 누구도 손을 대어 본 일이 없음.,"5,6",291593
hanja-287308,한자 성어,전전반측,輾轉反側,한자 성어의 표면적 뜻과 비유적 뜻,누워서 몸을 이리저리 뒤척이며 잠을 이루지 못함.,압송할 제 현감 자신이 탐학한 사실까지 토설해 버릴 염려도 없지 않은지라 부질없이 날밤을 새며 전전반측이었다.,표준국어대사전 용례,,11,287308
hanja-287312,한자 성어,전전불매,輾轉不寐,한자 성어의 표면적 뜻과 비유적 뜻,누워서 몸을 이리저리 뒤척이며 잠을 이루지 못함.,추야 장장 긴긴 밤을 전전불매 잠 못 들 제 상사일념 애타는 줄 그대는 아시는가.,표준국어대사전 용례,,11,287312
hanja-477563,한자 성어,절차탁마,切磋琢磨,한자 성어의 표면적 뜻과 비유적 뜻,"옥이나 돌 따위를 갈고 닦아서 빛을 낸다는 뜻으로, 부지런히 학문과 덕행을 닦음을 이르는 말. ≪시경≫의 <위풍(衛風)> <기오편(淇澳篇)>과 ≪논어≫의 <학이편(學而篇)>에 나오는 말이다.",사람들은 그 상황을 ‘절차탁마’라고 평했다.,학습용 보충 문장,,11,477563
hanja-478089,한자 성어,절체절명,絕體絕命,한자 성어의 표면적 뜻과 비유적 뜻,"몸도 목숨도 다 되었다는 뜻으로, 어찌할 수 없는 절박한 경우를 비유적으로 이르는 말.",절체절명의 위기.,표준국어대사전 용례,,11,478089
hanja-287946,한자 성어,절치부심,切齒腐心,한자 성어의 표면적 뜻과 비유적 뜻,몹시 분하여 이를 갈며 속을 썩임.,절치부심의 원한.,표준국어대사전 용례,,11,287946
hanja-288608,한자 성어,제궤의혈,堤潰蟻穴,한자 성어의 표면적 뜻과 비유적 뜻,"개미구멍으로 마침내 큰 둑이 무너진다는 뜻으로, 소홀히 한 작은 일이 큰 화를 불러옴을 이르는 말.",사람들은 그 상황을 ‘제궤의혈’이라고 평했다.,학습용 보충 문장,,4,288608
hanja-299504,한자 성어,조족지혈,鳥足之血,한자 성어의 표면적 뜻과 비유적 뜻,"새 발의 피라는 뜻으로, 매우 적은 분량을 비유적으로 이르는 말.",아군의 피해는 적군의 피해에 비하면 조족지혈에 불과했다.,표준국어대사전 용례,,11,299504
hanja-303808,한자 성어,종두득두,種豆得豆,한자 성어의 표면적 뜻과 비유적 뜻,"콩을 심으면 반드시 콩이 나온다는 뜻으로, 원인에 따라 결과가 생김을 이르는 말.",종두득두라 자네 말이 맞네.,표준국어대사전 용례,,,303808
hanja-480041,한자 성어,좌정관천,坐井觀天,한자 성어의 표면적 뜻과 비유적 뜻,"우물 속에 앉아서 하늘을 본다는 뜻으로, 사람의 견문(見聞)이 매우 좁음을 이르는 말.",사람들은 그 상황을 ‘좌정관천’이라고 평했다.,학습용 보충 문장,,6,480041
hanja-481760,한자 성어,주경야독,晝耕夜讀,한자 성어의 표면적 뜻과 비유적 뜻,"낮에는 농사짓고, 밤에는 글을 읽는다는 뜻으로, 어려운 여건 속에서도 꿋꿋이 공부함을 이르는 말.",주경야독으로 합격의 기쁨을 맛보다.,표준국어대사전 용례,,4,481760
hanja-303417,한자 성어,주마가편,走馬加鞭,한자 성어의 표면적 뜻과 비유적 뜻,"달리는 말에 채찍질한다는 뜻으로, 잘하는 사람을 더욱 장려함을 이르는 말.",사람들은 그 상황을 ‘주마가편’이라고 평했다.,학습용 보충 문장,,5,303417
hanja-480029,한자 성어,주마간산,走馬看山,한자 성어의 표면적 뜻과 비유적 뜻,"말을 타고 달리며 산천을 구경한다는 뜻으로, 자세히 살피지 아니하고 대충대충 보고 지나감을 이르는 말.",주마간산으로 구경만 하고 오면 눈만 높아졌지 별수 있어요…….,표준국어대사전 용례,,5,480029
hanja-304175,한자 성어,죽마고우,竹馬故友,한자 성어의 표면적 뜻과 비유적 뜻,"대말을 타고 놀던 벗이라는 뜻으로, 어릴 때부터 같이 놀며 자란 벗.",그들은 한 잔 술을 사이에 두고 마치 죽마고우처럼 흉금을 터놓고 이야기하거나 자기 생애를 송두리째 고백하고 있는 것이다.,표준국어대사전 용례,,6,304175
hanja-307181,한자 성어,지기지우,知己之友,한자 성어의 표면적 뜻과 비유적 뜻,자기의 속마음을 참되게 알아주는 친구.,지기지우를 사귀다.,표준국어대사전 용례,,"5,6",307181
hanja-487024,한자 성어,지록위마,指鹿爲馬,한자 성어의 표면적 뜻과 비유적 뜻,윗사람을 농락하여 권세를 마음대로 함을 이르는 말. 중국 진(秦)나라의 조고(趙高)가 자신의 권세를 시험하여 보고자 황제 호해(胡亥)에게 사슴을 가리키며 말이라고 한 데서 유래한다.,사람들은 그 상황을 ‘지록위마’라고 평했다.,학습용 보충 문장,모순된 것을 끝까지 우겨서 남을 속이려는 짓을 비유적으로 이르는 말.,"11,12",487024
hanja-323300,한자 성어,천석고황,泉石膏肓,한자 성어의 표면적 뜻과 비유적 뜻,자연의 아름다운 경치를 몹시 사랑하고 즐기는 성벽(性癖).,사람들은 그 상황을 ‘천석고황’이라고 평했다.,학습용 보충 문장,,"11,12",323300
hanja-487732,한자 성어,천의무봉,天衣無縫,한자 성어의 표면적 뜻과 비유적 뜻,"천사의 옷은 꿰맨 흔적이 없다는 뜻으로, 일부러 꾸민 데 없이 자연스럽고 아름다우면서 완전함을 이르는 말. ≪태평광기≫의 곽한(郭翰)의 이야기에 나오는 말로, 주로 시가(詩歌)나 문장에 대하여 이르는 말이다.",아무리 뛰어난 작가의 시라 하여도 모두 천의무봉의 비단결만은 아니다.,표준국어대사전 용례,완전무결하여 흠이 없음을 이르는 말. | 세상사에 물들지 아니한 어린이와 같은 순진함을 이르는 말.,"11,12",487732
hanja-326645,한자 성어,천재일우,千載一遇,한자 성어의 표면적 뜻과 비유적 뜻,"천 년 동안 단 한 번 만난다는 뜻으로, 좀처럼 만나기 어려운 좋은 기회를 이르는 말.",천재일우의 시기를 맞이하다.,표준국어대사전 용례,,"11,12",326645
hanja-326131,한자 성어,철중쟁쟁,鐵中錚錚,한자 성어의 표면적 뜻과 비유적 뜻,"여러 쇠붙이 가운데서도 유난히 맑게 쟁그랑거리는 소리가 난다는 뜻으로, 같은 무리 가운데서도 가장 뛰어남. 또는 그런 사람을 이르는 말.",사람들은 그 상황을 ‘철중쟁쟁’이라고 평했다.,학습용 보충 문장,,"3,4",326131
hanja-488401,한자 성어,청출어람,靑出於藍,한자 성어의 표면적 뜻과 비유적 뜻,"쪽에서 뽑아낸 푸른 물감이 쪽보다 더 푸르다는 뜻으로, 제자나 후배가 스승이나 선배보다 나음을 비유적으로 이르는 말. ≪순자(荀子)≫의 <권학편(勸學篇)>에 나오는 말이다.",함천의 거문고는 조부의 계적(繼績)으로 청출어람이란 정평이 있었고….,표준국어대사전 용례,,6,488401
hanja-327689,한자 성어,촌철살인,寸鐵殺人,한자 성어의 표면적 뜻과 비유적 뜻,"한 치의 쇠붙이로도 사람을 죽일 수 있다는 뜻으로, 간단한 말로도 남을 감동하게 하거나 남의 약점을 찌를 수 있음을 이르는 말.",사람들은 그 상황을 ‘촌철살인’이라고 평했다.,학습용 보충 문장,,12,327689
hanja-334964,한자 성어,침소봉대,針小棒大,한자 성어의 표면적 뜻과 비유적 뜻,작은 일을 크게 불리어 떠벌림.,세상에서 침소봉대로 전하는 말을 들으시고 이제 실물로 보시니 낙심되실 줄 아오.,표준국어대사전 용례,,12,334964
hanja-362087,한자 성어,포복절도,抱腹絕倒,한자 성어의 표면적 뜻과 비유적 뜻,배를 그러안고 넘어질 정도로 몹시 웃음.,사람들은 그 상황을 ‘포복절도’라고 평했다.,학습용 보충 문장,,12,362087
hanja-503080,한자 성어,풍비박산,風飛雹散,한자 성어의 표면적 뜻과 비유적 뜻,사방으로 날아 흩어짐.,사업의 실패로 풍비박산이 된 집안을 수습하다.,표준국어대사전 용례,,12,503080
hanja-503694,한자 성어,풍수지탄,風樹之歎/風樹之嘆,한자 성어의 표면적 뜻과 비유적 뜻,효도를 다하지 못한 채 어버이를 여읜 자식의 슬픔을 이르는 말.,사람들은 그 상황을 ‘풍수지탄’이라고 평했다.,학습용 보충 문장,,3,503694
hanja-363618,한자 성어,풍전등화,風前燈火,한자 성어의 표면적 뜻과 비유적 뜻,"바람 앞의 등불이라는 뜻으로, 사물이 매우 위태로운 처지에 놓여 있음을 비유적으로 이르는 말.",풍전등화와 같은 나라의 운명.,표준국어대사전 용례,사물이 덧없음을 비유적으로 이르는 말.,12,363618
hanja-355771,한자 성어,하석상대,下石上臺,한자 성어의 표면적 뜻과 비유적 뜻,"아랫돌 빼서 윗돌 괴고 윗돌 빼서 아랫돌 괸다는 뜻으로, 임시변통으로 이리저리 둘러맞춤을 이르는 말.",사람들은 그 상황을 ‘하석상대’라고 평했다.,학습용 보충 문장,,"1,2",355771
hanja-360839,한자 성어,학수고대,鶴首苦待,한자 성어의 표면적 뜻과 비유적 뜻,학의 목처럼 목을 길게 빼고 간절히 기다림.,"갑해 형제는 기름진 국에 배불리 밥을 먹을 수 있고, 용돈까지 얻을 수 있는 장날을 늘 학수고대 기다리곤 했었다.",표준국어대사전 용례,,13,360839
hanja-370395,한자 성어,허허실실,虛虛實實,한자 성어의 표면적 뜻과 비유적 뜻,허를 찌르고 실을 꾀하는 계책.,"서양 등 외세에 대항하여 우리를 지키자는 정신도 그렇거니와, 경세의 허허실실까지를 다 꿰뚫어 보고 방책을 생각했던 것 같소.",표준국어대사전 용례,,13,370395
hanja-368912,한자 성어,혈혈단신,孑孑單身,한자 성어의 표면적 뜻과 비유적 뜻,의지할 곳이 없는 외로운 홀몸.,이듬해 봄 첫아이를 보았다. 아들이었다. 반백 년을 혈혈단신으로 견뎌 온 처지에 얻은 혈육이니 세상에 둘도 없는 귀둥이일 수밖에.,표준국어대사전 용례,,13,368912
hanja-505782,한자 성어,형설지공,螢雪之功,한자 성어의 표면적 뜻과 비유적 뜻,"반딧불ㆍ눈과 함께 하는 노력이라는 뜻으로, 고생을 하면서 부지런하고 꾸준하게 공부하는 자세를 이르는 말. 중국≪진서(晉書)≫의 <차윤전(車胤傳)>ㆍ<손강전(孫康傳)>에 나오는 말로, 진나라 차윤(車胤)이 반딧불을 모아 그 불빛으로 글을 읽고, 손강(孫康)이 가난하여 겨울밤에는 눈빛에 비추어 글을 읽었다는 고사에서 유래한다.",그는 형설지공으로 공부에 매진하였다.,표준국어대사전 용례,,4,505782
hanja-375451,한자 성어,호가호위,狐假虎威,한자 성어의 표면적 뜻과 비유적 뜻,남의 권세를 빌려 위세를 부림. ≪전국책≫의 <초책(楚策)>에 나오는 말로 여우가 호랑이의 위세를 빌려 호기를 부린다는 데에서 유래한다.,사람들은 그 상황을 ‘호가호위’라고 평했다.,학습용 보충 문장,,13,375451
hanja-501810,한자 성어,호구지책,糊口之策,한자 성어의 표면적 뜻과 비유적 뜻,가난한 살림에서 그저 겨우 먹고살아 가는 방책.,호구지책을 마련하다.,표준국어대사전 용례,,13,501810
hanja-502209,한자 성어,혼정신성,昏定晨省,한자 성어의 표면적 뜻과 비유적 뜻,"밤에는 부모의 잠자리를 보아 드리고 이른 아침에는 부모의 밤새 안부를 묻는다는 뜻으로, 부모를 잘 섬기고 효성을 다함을 이르는 말.",노인네가 어려지셔서 자주 남산 밑 첩며느리에게 가 머무시옵는데 혼정신성이 깍듯하고….,표준국어대사전 용례,,3,502209
hanja-374772,한자 성어,화룡점정,畫龍點睛,한자 성어의 표면적 뜻과 비유적 뜻,무슨 일을 하는 데에 가장 중요한 부분을 완성함을 비유적으로 이르는 말. 용을 그리고 난 후에 마지막으로 눈동자를 그려 넣었더니 그 용이 실제 용이 되어 홀연히 구름을 타고 하늘로 날아 올라갔다는 고사에서 유래한다.,사람들은 그 상황을 ‘화룡점정’이라고 평했다.,학습용 보충 문장,,13,374772
hanja-376760,한자 성어,화중지병,畫中之餠,한자 성어의 표면적 뜻과 비유적 뜻,그림의 떡.,또 설사 그 사람도 너를 그렇게 생각한다기로 오늘날 우리 처지로서는 화중지병이지 무슨 소용 있겠니.,표준국어대사전 용례,,13,376760
hanja-373575,한자 성어,화촉동방,華燭洞房,한자 성어의 표면적 뜻과 비유적 뜻,첫날밤에 신랑 신부가 자는 방.,화촉동방에 불이 꺼지자 방 안을 훔쳐보던 사람들은 뿔뿔이 흩어졌다.,표준국어대사전 용례,,13,373575
hanja-505070,한자 성어,환골탈태,換骨奪胎,한자 성어의 표면적 뜻과 비유적 뜻,"뼈대를 바꾸어 끼고 태를 바꾸어 쓴다는 뜻으로, 고인의 시문의 형식을 바꾸어서 그 짜임새와 수법이 먼저 것보다 잘되게 함을 이르는 말. 중국 남송의 승려 혜홍(惠洪)의 <냉재야화(冷齋夜話)>에 나오는 말이다.",사람들은 그 상황을 ‘환골탈태’라고 평했다.,학습용 보충 문장,사람이 보다 나은 방향으로 변하여 전혀 딴사람처럼 됨.,13,505070
hanja-385110,한자 성어,후안무치,厚顔無恥,한자 성어의 표면적 뜻과 비유적 뜻,뻔뻔스러워 부끄러움이 없음.,후안무치로밖에 달리 말할 수 없는 일 아니겠습니까. 명색이 사대부 집 규수가 하인 놈하고 혼인이라뇨?,표준국어대사전 용례,,13,385110
hanja-508310,한자 성어,흥진비래,興盡悲來,한자 성어의 표면적 뜻과 비유적 뜻,"즐거운 일이 다하면 슬픈 일이 닥쳐온다는 뜻으로, 세상일은 순환되는 것임을 이르는 말.",사람들은 그 상황을 ‘흥진비래’라고 평했다.,학습용 보충 문장,,13,508310
idiom-525133,관용구,가슴이 뜨끔하다,,구성 단어의 직접적 뜻과 관용적 뜻의 관계,자극을 받아 마음이 깜짝 놀라거나 양심의 가책을 받다.,가슴이 뜨끔했지만 그는 아무렇지 않은 척 행동했다.,표준국어대사전 용례,,29,525133
idiom-519264,관용구,간(이) 뒤집히다,,구성 단어의 직접적 뜻과 관용적 뜻의 관계,까닭 없이 웃음을 나무라는 말.,"이 사람이 간이 뒤집혔나, 웃긴 왜 웃어?",표준국어대사전 용례,,29,519264
idiom-525412,관용구,경종을 울리다,,구성 단어의 직접적 뜻과 관용적 뜻의 관계,잘못이나 위험을 미리 경계하여 주의를 환기시키다.,두 번 다시 이런 일이 안 생기도록 경종을 울리는 뜻에서라도 꼭 밝혀 두어야 합니다.,표준국어대사전 용례,,20,525412
idiom-519644,관용구,고택골(로) 가다,,구성 단어의 직접적 뜻과 관용적 뜻의 관계,‘죽다01’를 속되게 이르는 말.,나한테 한 대 맞으면 고택골로 가니까 조심하라고 해.,표준국어대사전 용례,,20,519644
idiom-525486,관용구,골로 가다,,구성 단어의 직접적 뜻과 관용적 뜻의 관계,‘죽다01’를 속되게 이르는 말.,그 병이 의원 힘으로 고칠 수 있는 병인감요. 한번 걸렸다 하면 골로 가는 거지요.,표준국어대사전 용례,,20,525486
idiom-525501,관용구,공기가 팽팽하다,,구성 단어의 직접적 뜻과 관용적 뜻의 관계,분위기가 몹시 긴장되어 있다.,그는 그 일을 설명하며 ‘공기가 팽팽하다’라는 관용 표현을 썼다.,학습용 보충 문장,,20,525501
idiom-525479,관용구,구색(을) 맞추다,,구성 단어의 직접적 뜻과 관용적 뜻의 관계,여러 가지가 고루 갖추어지게 하다.,구색을 맞추어 밥상을 차리다.,표준국어대사전 용례,,20,525479
idiom-525562,관용구,국수(를) 먹다,,구성 단어의 직접적 뜻과 관용적 뜻의 관계,"결혼식 피로연에서 흔히 국수를 대접하는 데서, 결혼식을 올리는 일을 비유적으로 이르는 말.",언제 국수 먹게 해 줄래?,표준국어대사전 용례,,20,525562
idiom-519891,관용구,굴레 벗은 말[망아지/송아지],,구성 단어의 직접적 뜻과 관용적 뜻의 관계,거칠게 행동하는 사람을 이르는 말.,그는 외아들이라고 귀하게 자라서인지 굴레 벗은 말같이 버릇이 없다.,표준국어대사전 용례,구속이나 통제에서 벗어나 몸이 자유로움을 이르는 말.,25,519891
idiom-525534,관용구,귀(가) 질기다,,구성 단어의 직접적 뜻과 관용적 뜻의 관계,둔하여 남의 말을 잘 이해하지 못하다.,워낙 귀가 질긴 친구라 알아듣지 못할 거다.,표준국어대사전 용례,말을 싹싹하게 잘 듣지 않고 끈덕지다.,28,525534
idiom-525544,관용구,귀가 열리다,,구성 단어의 직접적 뜻과 관용적 뜻의 관계,세상 물정을 알게 되다.,웬만큼 귀가 열린 사람이라면 이런 일에 누가 시비를 걸겠소.,표준국어대사전 용례,,"27,28",525544
idiom-519950,관용구,그림의 떡,,구성 단어의 직접적 뜻과 관용적 뜻의 관계,아무리 마음에 들어도 이용할 수 없거나 차지할 수 없는 경우를 이르는 말.,무일푼인 우리에게 진열장에 놓인 만두는 그림의 떡이었다.,표준국어대사전 용례,,13,519950
idiom-526106,관용구,기름을 끼얹다,,구성 단어의 직접적 뜻과 관용적 뜻의 관계,감정이나 행동을 부추겨 정도를 심하게 만들다.,그녀는 화가 난 그에게 기름을 끼얹는 말만 골라서 했다.,표준국어대사전 용례,,20,526106
idiom-525910,관용구,길을 열다,,구성 단어의 직접적 뜻과 관용적 뜻의 관계,방도를 찾아내거나 마련하다.,장학 제도는 학비가 없는 학생들에게 배움의 길을 열어 주기 위한 것이다.,표준국어대사전 용례,,20,525910
idiom-525635,관용구,김이 식다,,구성 단어의 직접적 뜻과 관용적 뜻의 관계,재미나 의욕이 없어지다.,나는 그 일에 대한 김이 식어서 이제는 아무것도 하고 싶지 않다.,표준국어대사전 용례,,20,525635
idiom-525749,관용구,꼬리(를) 잡다,,구성 단어의 직접적 뜻과 관용적 뜻의 관계,감추고 있는 것을 알아내다.,경찰은 범행 조직의 꼬리를 잡았다.,표준국어대사전 용례,,"21,22",525749
idiom-525759,관용구,꼬리를 빼다,,구성 단어의 직접적 뜻과 관용적 뜻의 관계,달아나거나 도망치다.,내가 강하게 나가자 그는 꼬리를 빼고 말았다.,표준국어대사전 용례,,20,525759
idiom-526013,관용구,나발(을) 불다,,구성 단어의 직접적 뜻과 관용적 뜻의 관계,(속되게) 당치 않은 말을 함부로 하다.,나발 불지 말고 잠자코 있어.,표준국어대사전 용례,(속되게) 터무니없이 과장하여 말을 하다. | (속되게) 술이나 음료를 병째로 마시다. | (속되게) 어떤 사실을 자백하다. | (속되게) 어린아이가 소리 내어 시끄럽게 울다.,20,526013
idiom-526171,관용구,날(을) 받다,,구성 단어의 직접적 뜻과 관용적 뜻의 관계,결혼식 날짜를 정하다.,만혼인데 왜 그리 늘어지게 날을 받았소?,표준국어대사전 용례,어떤 일에 대비하여 미리 날을 정하다.,21,526171
idiom-526172,관용구,날(을) 잡다,,구성 단어의 직접적 뜻과 관용적 뜻의 관계,결혼식 날짜를 정하다.,자네 친구가 장가간다는 소식을 들었는데 언제로 날을 잡았다고 하던가?,표준국어대사전 용례,어떤 일에 대비하여 미리 날을 정하다.,21,526172
idiom-520225,관용구,낯을 못 들다,,구성 단어의 직접적 뜻과 관용적 뜻의 관계,창피하여 남을 떳떳이 대하지 못하다.,도저히 낯을 못 들고 다닐 만큼 부끄러운 일을 저지르고 말았다.,표준국어대사전 용례,,"25,26",520225
idiom-520424,관용구,놀란 가슴,,구성 단어의 직접적 뜻과 관용적 뜻의 관계,전에 놀란 적이 있어 별것 아닌 일에도 일어나는 두근거림.,한번 놀란 가슴은 쉽게 진정되지 않는다.,표준국어대사전 용례,,"5,6",520424
idiom-520416,관용구,놓아먹인 망아지 (놀듯),,구성 단어의 직접적 뜻과 관용적 뜻의 관계,"들에 풀어놓고 기른 말 새끼 또는 그 노는 모양이라는 뜻으로, 교양이 없고 막돼먹은 사람 또는 그런 행동을 비유적으로 이르는 말.",그는 다만 나가 있는 색시들이 놓아먹인 망아지처럼 보여서 은연중에 품행을 의심하는 탓이려니 했을 따름이었다.,표준국어대사전 용례,,25,520416
idiom-526493,관용구,눈(을) 돌리다,,구성 단어의 직접적 뜻과 관용적 뜻의 관계,관심을 돌리다.,이번에는 교육 환경 문제로 눈을 돌려 생각해 봅시다.,표준국어대사전 용례,,26,526493
idiom-526494,관용구,눈(을) 뒤집다,,구성 단어의 직접적 뜻과 관용적 뜻의 관계,주로 좋지 않은 일에 열중하여 제정신을 잃다.,돌쇠도 눈을 뒤집고 다시 노름판으로 쫓아다니지 않으면 안 되었다.,표준국어대사전 용례,,"25,26",526494
idiom-526498,관용구,눈(을) 붙이다,,구성 단어의 직접적 뜻과 관용적 뜻의 관계,잠을 자다.,잠시 눈을 붙이고 나니 피로가 풀렸다.,표준국어대사전 용례,,"25,26",526498
idiom-526504,관용구,눈(이) 나오다,,구성 단어의 직접적 뜻과 관용적 뜻의 관계,몹시 놀라다.,그녀는 비싼 가격을 확인하고 눈이 나왔다.,표준국어대사전 용례,,"25,26",526504
idiom-526450,관용구,눈물이 앞서다,,구성 단어의 직접적 뜻과 관용적 뜻의 관계,말을 하지 못하고 눈물을 먼저 흘리다.,어려서 훈이 평양으로 이사해 들어갈 때도 오작녀는 어린 마음에도 자꾸 눈물이 앞설 것만 같아서 떠나는 걸 보지 못했다.,표준국어대사전 용례,,"25,26",526450
idiom-526531,관용구,눈에 밟히다,,구성 단어의 직접적 뜻과 관용적 뜻의 관계,잊히지 않고 자꾸 눈에 떠오르다.,그는 어머니의 모습이 눈에 밟혀 차마 발걸음을 옮길 수 없었다.,표준국어대사전 용례,,"25,26",526531
idiom-526539,관용구,눈에서 황이 나다,,구성 단어의 직접적 뜻과 관용적 뜻의 관계,몹시 억울하거나 질투가 날 때 이르는 말.,남편이 다른 여자를 만나는 것을 본 그녀는 눈에서 황이 났다.,표준국어대사전 용례,,26,526539
idiom-526558,관용구,눈을 거치다,,구성 단어의 직접적 뜻과 관용적 뜻의 관계,글 따위를 검토하거나 분별하다.,위작은 대부분 여러 사람의 눈을 거치는 동안 가려지는 경우가 많다.,표준국어대사전 용례,,26,526558
idiom-526563,관용구,눈을 크게 뜨다,,구성 단어의 직접적 뜻과 관용적 뜻의 관계,정신을 바짝 차리고 주의를 기울이다.,옆에 있던 사람들은 모두 눈을 크게 뜨고 그를 주시했다.,표준국어대사전 용례,,"25,26",526563
idiom-526565,관용구,눈이 가매지게[가매지도록],,구성 단어의 직접적 뜻과 관용적 뜻의 관계,몹시 기다리는 모양을 비유적으로 이르는 말.,눈이 가매지도록 기다렸지만 아무도 오지 않았다.,표준국어대사전 용례,,"25,26",526565
idiom-526566,관용구,눈이 곤두서다,,구성 단어의 직접적 뜻과 관용적 뜻의 관계,화가 나서 눈에 독기가 오르다.,형님은 친구가 비웃는 소리를 하자 눈이 곤두섰다.,표준국어대사전 용례,,"25,26",526566
idiom-526316,관용구,느루 가다,,구성 단어의 직접적 뜻과 관용적 뜻의 관계,양식이 일정한 예정보다 더 오래가다.,죽을 쑤었으면 좀 느루 가겠지만 우리는 더럽게 그런 짓은 안 한다.,표준국어대사전 용례,,21,526316
idiom-520550,관용구,다리(를) 놓다,,구성 단어의 직접적 뜻과 관용적 뜻의 관계,일이 잘되게 하기 위하여 둘 또는 여럿을 연결하다.,그가 중간에서 다리를 놓아 물건을 쉽게 팔았다.,표준국어대사전 용례,,29,520550
idiom-526684,관용구,다리가 길다,,구성 단어의 직접적 뜻과 관용적 뜻의 관계,음식 먹는 자리에 우연히 가게 되어 먹을 복이 있다.,뭐 먹을 때마다 부르지도 않았는데 오는 것을 보면 저 친구 참 다리가 길지.,표준국어대사전 용례,,28,526684
idiom-526958,관용구,달(이) 차다,,구성 단어의 직접적 뜻과 관용적 뜻의 관계,아이를 배어 낳을 달이 되다.,달이 차서 아이가 나올 때까지는 잘 먹고 잘 쉬어야 한다.,표준국어대사전 용례,,21,526958
idiom-520769,관용구,돌(을) 던지다,,구성 단어의 직접적 뜻과 관용적 뜻의 관계,남의 잘못을 비난하다.,최선을 다한 너에게 돌을 던질 사람은 아무도 없을 것이다.,표준국어대사전 용례,바둑을 두는 도중에 자기가 졌음을 인정하고 그만두다.,"21,22",520769
idiom-520933,관용구,뒷짐(을) 지다[짚다],,구성 단어의 직접적 뜻과 관용적 뜻의 관계,어떤 일에 자신은 전혀 상관없는 것처럼 구경만 하고 있다.,우리는 뒷짐 지고 지켜볼 테니 너희들끼리 알아서 해결하렴.,표준국어대사전 용례,,21,520933
idiom-521124,관용구,마각이 드러나다,,구성 단어의 직접적 뜻과 관용적 뜻의 관계,숨기고 있던 일이나 정체가 드러나다.,차라리 그 재주 가지고 칩거하여 문학이나 할 일이지 능도 없으면서 운동은 무슨 놈의 운동이오. 그러니까 마각이 드러나지.,표준국어대사전 용례,,"21,22",521124
idiom-527271,관용구,마른침을 삼키다,,구성 단어의 직접적 뜻과 관용적 뜻의 관계,몹시 긴장하거나 초조해하다.,애가 탄 철수는 자꾸 마른침을 삼키고 있었다.,표준국어대사전 용례,,27,527271
idiom-521142,관용구,막을[막이] 내리다,,구성 단어의 직접적 뜻과 관용적 뜻의 관계,무대의 공연이나 어떤 행사를 마치다.,그 공연은 성황리에 막을 내렸다.,표준국어대사전 용례,,"21,22",521142
idiom-527384,관용구,말(이) 굳다,,구성 단어의 직접적 뜻과 관용적 뜻의 관계,말이 더듬더듬 막히다.,무슨 잘못을 했는지 말이 굳어 있었다.,표준국어대사전 용례,말의 내용이나 표현이 부드럽지 못하고 거칠다.,22,527384
idiom-527383,관용구,말(이)[말(도)] 아니다,,구성 단어의 직접적 뜻과 관용적 뜻의 관계,말이 이치에 맞지 아니하다.,말이 아닌 소리는 하지도 마라.,표준국어대사전 용례,사정ㆍ형편 따위가 몹시 어렵거나 딱하다.,22,527383
idiom-521208,관용구,말꼬리(를) 잡다,,구성 단어의 직접적 뜻과 관용적 뜻의 관계,남의 말 가운데서 잘못 표현된 부분의 약점을 잡다.,말꼬리를 잡아 시비를 걸다.,표준국어대사전 용례,,"21,22",521208
idiom-521202,관용구,말끝(을) 잡다,,구성 단어의 직접적 뜻과 관용적 뜻의 관계,남의 말 가운데서 잘못 표현된 부분의 약점을 잡다.,그는 사사건건 말끝을 잡는 못된 버릇이 있다.,표준국어대사전 용례,,"21,22",521202
idiom-527759,관용구,맺힌 데가 없이,,구성 단어의 직접적 뜻과 관용적 뜻의 관계,성격이 꽁한 데가 없이.,언니는 맺힌 데가 없이 싹싹하고 활발해서 어디를 가나 인기가 좋았다.,표준국어대사전 용례,,16,527759
idiom-527505,관용구,머리(를) 들다,,구성 단어의 직접적 뜻과 관용적 뜻의 관계,눌려 있거나 숨겨 온 생각ㆍ세력 따위가 겉으로 나타나다.,사치 풍조가 머리를 들다.,표준국어대사전 용례,,28,527505
idiom-527520,관용구,머리가 깨다,,구성 단어의 직접적 뜻과 관용적 뜻의 관계,뒤떨어진 생각에서 벗어나다.,할아버지는 머리가 깬 분이셔서 그 시절에 어머니를 유학까지 보내셨다.,표준국어대사전 용례,,28,527520
idiom-527531,관용구,머리를 쥐어짜다,,구성 단어의 직접적 뜻과 관용적 뜻의 관계,몹시 애를 써서 궁리하다.,아무리 머리를 쥐어짜도 별 뾰족한 수가 나오지 않았다.,표준국어대사전 용례,,28,527531
idiom-527867,관용구,목(을) 놓아[놓고],,구성 단어의 직접적 뜻과 관용적 뜻의 관계,주로 울거나 부르짖을 때에 참거나 삼가지 않고 소리를 크게 내어.,목 놓아 부르다.,표준국어대사전 용례,,29,527867
idiom-527881,관용구,목에 힘을 주다,,구성 단어의 직접적 뜻과 관용적 뜻의 관계,거드름을 피우거나 남을 깔보는 듯한 태도를 취하다.,그는 시의원이 되더니 목에 힘을 주고 다닌다.,표준국어대사전 용례,,29,527881
idiom-528218,관용구,밑 빠진 독[항아리],,구성 단어의 직접적 뜻과 관용적 뜻의 관계,힘이나 비용을 아무리 들여도 한이 없고 들인 보람도 없는 사물이나 상태를 비유적으로 이르는 말.,그의 사업은 돈을 아무리 보태도 효과가 없는 밑 빠진 독이었다.,표준국어대사전 용례,,16,528218
idiom-528310,관용구,바닥을 기다,,구성 단어의 직접적 뜻과 관용적 뜻의 관계,정도나 수준이 형편없다.,중학교 때는 수학 성적이 바닥을 기었는데 이제는 꽤 나아졌습니다.,표준국어대사전 용례,,22,528310
idiom-527941,관용구,바람을 일으키다,,구성 단어의 직접적 뜻과 관용적 뜻의 관계,사회적으로 많은 사람에게 영향을 미치다.,그의 새로운 유행어가 아이들 사이에서 바람을 일으켰다.,표준국어대사전 용례,사회적 문제를 만들거나 소란을 일으키다.,22,527941
idiom-521612,관용구,발(을) 구르다,,구성 단어의 직접적 뜻과 관용적 뜻의 관계,매우 안타까워하거나 다급해하다.,늦은 밤이 되어도 아이가 돌아오지 않자 어머니는 동동 발을 굴렀다.,표준국어대사전 용례,,"27,28",521612
idiom-521619,관용구,발(을) 빼다[씻다],,구성 단어의 직접적 뜻과 관용적 뜻의 관계,어떤 일에서 관계를 완전히 끊고 물러나다.,노름판에서 발을 빼고 이제는 착실히 일을 하기로 했네.,표준국어대사전 용례,,"27,28",521619
idiom-521622,관용구,발(을) 타다,,구성 단어의 직접적 뜻과 관용적 뜻의 관계,강아지 따위가 걸음을 걷기 시작하다.,우리 집 강아지들이 발을 타기 시작했다.,표준국어대사전 용례,,"27,28",521622
idiom-521624,관용구,발(이) 넓다[너르다],,구성 단어의 직접적 뜻과 관용적 뜻의 관계,사귀어 아는 사람이 많아 활동하는 범위가 넓다.,그 사람은 그쪽 방면으로 발이 넓어 네가 도움을 받을 수 있을 거다.,표준국어대사전 용례,,20,521624
idiom-521655,관용구,발꿈치를 물리다,,구성 단어의 직접적 뜻과 관용적 뜻의 관계,은혜를 베풀어 준 상대로부터 뜻밖에 해를 입다.,그는 지금 친구를 위해 보증을 서 주다가 발꿈치를 물려 철창신세라네.,표준국어대사전 용례,,27,521655
idiom-521732,관용구,발등(을) 찍히다,,구성 단어의 직접적 뜻과 관용적 뜻의 관계,남에게 배신을 당하다.,그는 굳게 믿었던 친구에게 결국 발등을 찍히고 말았다.,표준국어대사전 용례,,27,521732
idiom-521633,관용구,발을 달다,,구성 단어의 직접적 뜻과 관용적 뜻의 관계,끝난 말이나 이미 있는 말에 말을 덧붙이다.,이것은 비단 남의 자식에게만 한한 일이 아니고 제 자식이라도 그런 일만 있으면 절대 용서 없다고 발을 달았다.,표준국어대사전 용례,,"27,28",521633
idiom-521641,관용구,발이 익다,,구성 단어의 직접적 뜻과 관용적 뜻의 관계,여러 번 다니어서 길에 익숙하다.,"왠지 발이 익다 했더니, 어릴 적 술래잡기하면서 자주 다니던 골목이었다.",표준국어대사전 용례,,"27,28",521641
idiom-521721,관용구,배알이 꼴리다[뒤틀리다],,구성 단어의 직접적 뜻과 관용적 뜻의 관계,비위에 거슬려 아니꼽다.,그가 빈정대던 소리를 생각하면 할수록 배알이 꼴리고 열이 올랐다.,표준국어대사전 용례,,29,521721
idiom-528234,관용구,벽(을) 쌓다,,구성 단어의 직접적 뜻과 관용적 뜻의 관계,서로 사귀던 관계를 끊다.,그는 친척들과 벽을 쌓고 지낸 지가 꽤 오래되었다.,표준국어대사전 용례,,21,528234
idiom-528205,관용구,변죽(을) 울리다,,구성 단어의 직접적 뜻과 관용적 뜻의 관계,바로 집어 말을 하지 않고 둘러서 말을 하다.,"부분적으로 다소 노골성을 비치는 일이 전무한 것은 아니지만, 대체로 그 초점을 때리지 않고 변죽을 울려서, 은근한 가운데 함축성 있는 표현을 주로 하였다.",표준국어대사전 용례,,21,528205
idiom-528227,관용구,별이 보이다,,구성 단어의 직접적 뜻과 관용적 뜻의 관계,충격을 받아서 갑자기 정신이 아득하고 어지럽다.,집안이 망했다는 소식을 듣고 별이 보이더니 정신이 없었다.,표준국어대사전 용례,,21,528227
idiom-521924,관용구,볼꼴 좋다,,구성 단어의 직접적 뜻과 관용적 뜻의 관계,(놀림조로) 꼴이 보기에 흉하다.,선을 안 보겠다고 징징 우는 딸을 억지로 화장을 시키니 볼꼴 좋을 수밖에 없었다.,표준국어대사전 용례,,21,521924
idiom-521922,관용구,봉(을) 잡다,,구성 단어의 직접적 뜻과 관용적 뜻의 관계,"상상 속에서만 존재하는 진귀한 봉황을 잡는다는 뜻으로, 매우 귀하고 훌륭한 사람이나 일을 얻음을 비유적으로 이르는 말.",그렇게 좋은 일을 네가 맡게 되었다고? 넌 이제 봉을 잡은 거야.,표준국어대사전 용례,,21,521922
idiom-529079,관용구,사람 죽이다,,구성 단어의 직접적 뜻과 관용적 뜻의 관계,너무 힘겨운 경우를 당하여 매우 힘들고 고달프다.,"전셋돈 마련할 길은 막막한데 주인집에서는 돈 없으면 나가라고 난리고, 정말 돈이 사람 죽이는구나!",표준국어대사전 용례,사람을 어이없게 만들다. | 사람의 마음을 황홀하게 하거나 녹이다.,"21,22",529079
idiom-529136,관용구,산통(을) 깨다,,구성 단어의 직접적 뜻과 관용적 뜻의 관계,다 잘되어 가던 일을 이루지 못하게 뒤틀다.,날이 훤히 밝아 버리도록 저년이 돌아가지 않고 산통을 깨면 어떻게 할까. 팔을 낚아채서 돌려보낼까.,표준국어대사전 용례,,"21,22",529136
idiom-529126,관용구,살(을) 붙이다,,구성 단어의 직접적 뜻과 관용적 뜻의 관계,바탕에 여러 가지를 덧붙여 보태다.,"그는 떠도는 이야기에 살을 붙여 드라마 극본을 썼는데, 드라마가 그 이야기보다 더 유명해지고 말았다.",표준국어대사전 용례,,29,529126
idiom-522245,관용구,살이 끼다,,구성 단어의 직접적 뜻과 관용적 뜻의 관계,사람이나 물건 따위를 해치는 불길한 기운이 들러붙다.,"이번 달에는 큰 재난이 많으니, 이달에 살이 끼었나 보다.",표준국어대사전 용례,띠앗 없게 하는 기운이 들러붙다.,"21,22",522245
idiom-529150,관용구,상투(를) 잡다,,구성 단어의 직접적 뜻과 관용적 뜻의 관계,(속되게) 가장 높은 시세에 주식을 매입하다.,상투를 잡는 바람에 손해 봤다.,표준국어대사전 용례,,"21,22",529150
idiom-529151,관용구,상투(를) 틀다,,구성 단어의 직접적 뜻과 관용적 뜻의 관계,총각이 장가들어 어른이 되다.,최 마름은 아직 상투 안 튼 자식이 다섯에 수염 자란 사위가 셋이나 되었고….,표준국어대사전 용례,,"21,22",529151
idiom-529492,관용구,서릿발(이) 치다,,구성 단어의 직접적 뜻과 관용적 뜻의 관계,서릿발이 생기다.,날이 몹시 추워서 물로 닦은 창문에 서릿발이 쳤다.,표준국어대사전 용례,기세가 매우 매섭고 준엄하다.,22,529492
idiom-522468,관용구,서막을 올리다,,구성 단어의 직접적 뜻과 관용적 뜻의 관계,어떤 일이 시작되다.,그 집회는 전국적인 환경 운동의 서막을 올린 사건이었다.,표준국어대사전 용례,,22,522468
idiom-522538,관용구,셀 수 없이,,구성 단어의 직접적 뜻과 관용적 뜻의 관계,매우 많이 혹은 무수히.,셀 수 없이 많은 말들이 마당에 들어서 있었습니다.,표준국어대사전 용례,,25,522538
idiom-529672,관용구,속(을) 긁다,,구성 단어의 직접적 뜻과 관용적 뜻의 관계,남의 속이 뒤집히게 비위를 살살 건드리다.,아내는 아침부터 속 긁는 소리를 해 댔다.,표준국어대사전 용례,,29,529672
idiom-529705,관용구,속이 마르다,,구성 단어의 직접적 뜻과 관용적 뜻의 관계,성격이 꼬장꼬장하다.,그는 그 일을 설명하며 ‘속이 마르다’라는 관용 표현을 썼다.,학습용 보충 문장,생각하는 것이 답답하고 너그럽지 못하다.,29,529705
idiom-529760,관용구,손(을) 거치다,,구성 단어의 직접적 뜻과 관용적 뜻의 관계,어떤 사람을 경유하다.,가계비는 말할 것 없고 자질구레한 푼돈마저도 할아버지의 손을 거치게끔 돼 있는 것이다.,표준국어대사전 용례,어떤 사람의 노력으로 손질되다.,28,529760
idiom-529762,관용구,손(을) 끊다,,구성 단어의 직접적 뜻과 관용적 뜻의 관계,교제나 거래 따위를 중단하다.,나쁜 친구들과 손을 끊어라.,표준국어대사전 용례,,28,529762
idiom-529765,관용구,손(을) 넘기다,,구성 단어의 직접적 뜻과 관용적 뜻의 관계,물건을 셀 때 그 번수를 잘못 계산하여 실제보다 더 많거나 적게 되다.,은행원들은 특히 바쁜 월말에 실수로 손을 넘기는 경우가 간혹 있다.,표준국어대사전 용례,제 시기를 놓치다.,27,529765
idiom-529767,관용구,손(을) 맺다,,구성 단어의 직접적 뜻과 관용적 뜻의 관계,할 일이 있는데도 아무 일도 안 하고 그냥 있다.,할 일이 태산같이 많은데 손을 맺고 있으면서 저절로 되기를 바라는 거니?,표준국어대사전 용례,,27,529767
idiom-529771,관용구,손(을) 빼다,,구성 단어의 직접적 뜻과 관용적 뜻의 관계,하고 있던 일에서 빠져나오다.,그는 사업에서 하루빨리 손을 빼고 싶었지만 여건이 허락하지 않았다.,표준국어대사전 용례,,"27,28",529771
idiom-529773,관용구,손(을) 씻다[털다],,구성 단어의 직접적 뜻과 관용적 뜻의 관계,부정적인 일이나 찜찜한 일에 대하여 관계를 청산하다.,그는 불교에 귀의한 뒤로 범죄 조직에서 손을 씻고 착실히 살아가고 있다.,표준국어대사전 용례,본전을 모두 잃다.,"27,28",529773
idiom-529778,관용구,손(이) 뜨다,,구성 단어의 직접적 뜻과 관용적 뜻의 관계,일하는 동작이 매우 굼뜨다.,그렇게 손이 떠서야 제 시간에 끝마칠 수가 있겠니?,표준국어대사전 용례,,27,529778
idiom-529740,관용구,손길을 뻗치다,,구성 단어의 직접적 뜻과 관용적 뜻의 관계,"적극적인 도움, 요구, 침략, 간섭 따위의 행위가 미치다.",단속의 손길을 뻗치다.,표준국어대사전 용례,,28,529740
idiom-522557,관용구,수(가) 좋다,,구성 단어의 직접적 뜻과 관용적 뜻의 관계,수단이 매우 뛰어나다.,그는 수가 좋아서 무슨 일이든지 잘한다.,표준국어대사전 용례,,22,522557
idiom-530016,관용구,수판(을) 놓다,,구성 단어의 직접적 뜻과 관용적 뜻의 관계,어떤 일에 대하여 이해득실을 계산하다.,개인주의가 만연하면서 자신의 이익을 위하여 수판을 놓는 사람이 많아졌다.,표준국어대사전 용례,,23,530016
idiom-529519,관용구,숨(이) 끊어지다,,구성 단어의 직접적 뜻과 관용적 뜻의 관계,‘죽다01’를 완곡하게 이르는 말.,어머니는 숨이 끊어진 아들을 붙들고 통곡을 했다.,표준국어대사전 용례,,26,529519
idiom-522673,관용구,쉬파리 끓듯,,구성 단어의 직접적 뜻과 관용적 뜻의 관계,무질서하고 복잡하게 모여 있는 경우를 비유적으로 이르는 말.,손님들이 갯것전에 쉬파리 끓듯 하였지.,표준국어대사전 용례,,25,522673
idiom-522797,관용구,시색(이) 좋다,,구성 단어의 직접적 뜻과 관용적 뜻의 관계,당대에 행세하는 것이 버젓하다.,시색이 좋은 선비.,표준국어대사전 용례,,23,522797
idiom-522735,관용구,시치미(를) 떼다[따다],,구성 단어의 직접적 뜻과 관용적 뜻의 관계,자기가 하고도 하지 아니한 체하거나 알고 있으면서도 모르는 체하다.,나는 손까지 저으며 강하게 부인했다. 원장이 아무것도 모르겠다고 시치미를 떼면 그것으로 어쩔 도리가 없는 것이었다.,표준국어대사전 용례,,27,522735
idiom-530022,관용구,심사(가) 꿰지다,,구성 단어의 직접적 뜻과 관용적 뜻의 관계,잘 대하려는 마음이 틀어져서 심술궂게 나가다.,나는 그 아이와 잘 놀다가도 괜히 심사가 꿰져 자주 싸웠다.,표준국어대사전 용례,,23,530022
idiom-530023,관용구,심사(가) 사납다,,구성 단어의 직접적 뜻과 관용적 뜻의 관계,마음이 심술궂고 나쁘다.,세상일에 눈을 뜨면 뜰수록 심사만 더 사나워지고 살기만 더 고달픈 것을 어찌하랴.,표준국어대사전 용례,,23,530023
idiom-530141,관용구,아귀(가) 맞다,,구성 단어의 직접적 뜻과 관용적 뜻의 관계,앞뒤가 빈틈없이 들어맞다.,그의 이야기는 앞뒤 아귀가 맞는다.,표준국어대사전 용례,일정한 수량 따위가 들어맞다.,23,530141
idiom-530090,관용구,아닌 밤중에,,구성 단어의 직접적 뜻과 관용적 뜻의 관계,뜻하지 않은 밤중에.,"도대체 나라가 망해도 분수가 있지, 영부사가 무엇 때문에 김공량이 놈한테 아닌 밤중에 첨(諂)을 하러 돌아다니는 건가. 한심한 일일세.",표준국어대사전 용례,뜻밖의 때에.,17,530090
idiom-530295,관용구,얼굴이 넓다,,구성 단어의 직접적 뜻과 관용적 뜻의 관계,사귀어 아는 사람이 많다.,자네는 다른 고을 동학도들을 움직일 만큼 동학도들 사이에서 얼굴이 넓고 신망이 있는 사람이라더구먼.,표준국어대사전 용례,,"25,26",530295
idiom-523186,관용구,엎친 데 덮치다,,구성 단어의 직접적 뜻과 관용적 뜻의 관계,어렵거나 나쁜 일이 겹치어 일어나다.,나는 부대에 이틀씩 미귀를 해 가면서까지 찾아보려고 했었지. 허사였어. 엎친 데 덮친다고 얼마 안 있다가 나마저 월남으로 끌려 나오게 된 거 아냐.,표준국어대사전 용례,,4,523186
idiom-523327,관용구,오지랖(이) 넓다,,구성 단어의 직접적 뜻과 관용적 뜻의 관계,쓸데없이 지나치게 아무 일에나 참견하는 면이 있다.,넌 얼마나 오지랖이 넓기에 남의 일에 그렇게 미주알고주알 캐는 거냐?,표준국어대사전 용례,염치없이 행동하는 면이 있다.,"23,24",523327
idiom-523608,관용구,이(가) 빠지다,,구성 단어의 직접적 뜻과 관용적 뜻의 관계,그릇의 가장자리나 칼날의 일부분이 떨어져 나가다.,이 빠진 접시.,표준국어대사전 용례,갖추어져야 할 것 가운데서 어떤 부분이 빠져서 온전하지 못하다.,26,523608
idiom-531082,관용구,입(을) 맞추다,,구성 단어의 직접적 뜻과 관용적 뜻의 관계,서로의 말이 일치하도록 하다.,그 일이 탄로 나지 않으려면 우리가 입을 맞춰야만 해.,표준국어대사전 용례,,27,531082
idiom-531083,관용구,입(을) 모으다,,구성 단어의 직접적 뜻과 관용적 뜻의 관계,여러 사람이 같은 의견을 말하다.,무리한 다이어트는 건강을 해친다고 의사들은 입을 모아 이야기한다.,표준국어대사전 용례,,27,531083
idiom-531085,관용구,입(을) 씻다[닦다],,구성 단어의 직접적 뜻과 관용적 뜻의 관계,이익 따위를 혼자 차지하거나 가로채고서는 시치미를 떼다.,우리가 신고한 일로 인해 보상금이 나왔을 텐데 어찌된 일인지 모르겠군. 설마 그가 입을 씻고 모른 체하지는 않겠지.,표준국어대사전 용례,,27,531085
idiom-531103,관용구,입에 발린[붙은] 소리,,구성 단어의 직접적 뜻과 관용적 뜻의 관계,마음에도 없이 겉치레로 하는 말.,그는 입에 발린 소리를 잘하니 그의 말을 모두 믿지는 마라.,표준국어대사전 용례,,"27,28",531103
idiom-523691,관용구,자라목(이) 되다,,구성 단어의 직접적 뜻과 관용적 뜻의 관계,사물이나 기세 따위가 움츠러들다.,그가 호통을 치자 떠들던 사람들은 금방 자라목이 되고 말았다.,표준국어대사전 용례,,25,523691
idiom-531447,관용구,장단(을) 맞추다,,구성 단어의 직접적 뜻과 관용적 뜻의 관계,남의 기분이나 비위를 맞추기 위하여 말이나 행동을 하다.,안잠자기는 아들이 금의환향했다고 떠벌렸고 이성이댁은 뒤탈이 두려워 대강 장단을 맞춰 주면서….,표준국어대사전 용례,,"23,24",531447
idiom-524153,관용구,주머니가 가볍다,,구성 단어의 직접적 뜻과 관용적 뜻의 관계,가지고 있는 돈이 적다.,오늘은 주머니가 가벼우니 저녁을 간단하게 먹자.,표준국어대사전 용례,,"23,24",524153
idiom-524045,관용구,죽을 쑤다,,구성 단어의 직접적 뜻과 관용적 뜻의 관계,어떤 일을 망치거나 실패하다.,오늘 시합은 죽을 쑤었다.,표준국어대사전 용례,,23,524045
idiom-531611,관용구,줄(을) 대다,,구성 단어의 직접적 뜻과 관용적 뜻의 관계,끊임없이 계속하여 잇대다.,자욱한 안개 속으로 줄을 대고 선 등불들이 마치 하늘로 사라져 가고 있는 것처럼 보였다.,표준국어대사전 용례,자신에게 이익이 될 만한 사람과 관계를 맺다.,23,531611
idiom-531612,관용구,줄(을) 타다,,구성 단어의 직접적 뜻과 관용적 뜻의 관계,힘이 될 만한 사람과 관계를 맺어 그 힘을 이용하다.,귀양 풀릴 길이 막연하여 행여 법국 공사의 줄을 탈 수 있지나 않을까 하고 입교했지만….,표준국어대사전 용례,,23,531612
idiom-524455,관용구,치(를) 떨다,,구성 단어의 직접적 뜻과 관용적 뜻의 관계,매우 인색하여 내놓기를 꺼리다.,기방에선 시퍼런 지전을 물 쓰듯 하다가도 인력거 삯은 고린전 한 푼에 치를 떠는 건 영락없이 개성상인이라는군.,표준국어대사전 용례,몹시 분해하거나 지긋지긋해하다.,"27,28",524455
idiom-532571,관용구,치마폭이 넓다,,구성 단어의 직접적 뜻과 관용적 뜻의 관계,(비꼬는 뜻으로) 남의 일에 쓸데없이 간섭하고 참견하다.,그는 그 일을 설명하며 ‘치마폭이 넓다’라는 관용 표현을 썼다.,학습용 보충 문장,,"23,24",532571
idiom-524496,관용구,침 발라 놓다,,구성 단어의 직접적 뜻과 관용적 뜻의 관계,자기 소유임을 표시하다.,내가 침 발라 놓은 고기에 손댈 생각은 하지 마라.,표준국어대사전 용례,,"27,28",524496
idiom-524487,관용구,침(을) 놓다[주다],,구성 단어의 직접적 뜻과 관용적 뜻의 관계,강하게 알리거나 요구를 나타내면서 꼼짝 못 하게 하다.,선생님은 다시 떠들면 벌을 주겠다고 아이들에게 침을 놓았다.,표준국어대사전 용례,,23,524487
idiom-524495,관용구,침(을) 삼키다[흘리다],,구성 단어의 직접적 뜻과 관용적 뜻의 관계,음식 따위를 몹시 먹고 싶어 하다.,그들은 진수성찬을 보고 침을 삼켰다.,표준국어대사전 용례,자기 소유로 하고자 몹시 탐내다.,27,524495
idiom-532507,관용구,코 큰 소리,,구성 단어의 직접적 뜻과 관용적 뜻의 관계,잘난 체하는 소리.,나이가 어릴 때는 제법 코 큰 소리를 하고 우쭐대던 성대였지만….,표준국어대사전 용례,,27,532507
idiom-532486,관용구,코(가) 빠지다,,구성 단어의 직접적 뜻과 관용적 뜻의 관계,근심에 싸여 기가 죽고 맥이 빠지다.,마을 사람들 모두 코가 빠져 아무 일도 하지 못했다.,표준국어대사전 용례,,26,532486
idiom-532498,관용구,코(를) 빠뜨리다,,구성 단어의 직접적 뜻과 관용적 뜻의 관계,못 쓰게 만들거나 일을 망치다.,이게 무슨 망발이란 말이오. 다 된 일에 코 빠뜨리자는 속셈이 아니라면 대관절 이럴 수가 있는 거요.,표준국어대사전 용례,,27,532498
idiom-532488,관용구,코가 꿰이다,,구성 단어의 직접적 뜻과 관용적 뜻의 관계,약점이 잡히다.,그는 옆 사람에게 무슨 코가 꿰이었는지 꼼작도 못한다.,표준국어대사전 용례,,26,532488
idiom-532490,관용구,코가 높다,,구성 단어의 직접적 뜻과 관용적 뜻의 관계,잘난 체하고 뽐내는 기세가 있다.,그녀는 코가 높아서 네가 상대하기 쉽지 않겠구나.,표준국어대사전 용례,,26,532490
idiom-532493,관용구,코가 솟다,,구성 단어의 직접적 뜻과 관용적 뜻의 관계,뽐낼 일이 있어 우쭐해지다.,그는 그 일을 설명하며 ‘코가 솟다’라는 관용 표현을 썼다.,학습용 보충 문장,,26,532493
idiom-532497,관용구,코를 떼다,,구성 단어의 직접적 뜻과 관용적 뜻의 관계,무안을 당하거나 핀잔을 맞다.,그는 그 일을 설명하며 ‘코를 떼다’라는 관용 표현을 썼다.,학습용 보충 문장,,27,532497
idiom-532513,관용구,큰물이 가다,,구성 단어의 직접적 뜻과 관용적 뜻의 관계,큰비가 내려 강이나 개울의 물이 넘쳐 논밭을 휩쓸고 지나가다.,정월 대보름의 망월을 보고 늙은이들은 올해는 큰물이 갈까 보다고 염려하였다.,표준국어대사전 용례,,23,532513
idiom-532563,관용구,태깔(이) 나다,,구성 단어의 직접적 뜻과 관용적 뜻의 관계,맵시 있는 태도가 보이다.,그녀는 이제 숙녀로 성장하여 제법 태깔이 난다.,표준국어대사전 용례,,23,532563
idiom-524618,관용구,파김치(가) 되다,,구성 단어의 직접적 뜻과 관용적 뜻의 관계,몹시 지쳐서 기운이 아주 느른하게 되다.,그는 고된 일을 마치고 파김치가 되어 집에 돌아왔다.,표준국어대사전 용례,,"23,24",524618
idiom-532818,관용구,파리(를) 날리다,,구성 단어의 직접적 뜻과 관용적 뜻의 관계,영업이나 사업 따위가 잘 안되어 한가하다.,손님이 뜸해지기 시작하더니 지금은 파리를 날리고 있다.,표준국어대사전 용례,,"23,24",532818
idiom-533287,관용구,학을 떼다,,구성 단어의 직접적 뜻과 관용적 뜻의 관계,"괴롭거나 어려운 상황을 벗어나느라고 진땀을 빼거나, 그것에 거의 질려 버리다.",나는 학창 시절에 수학이라면 거의 학을 뗐다.,표준국어대사전 용례,,"23,24",533287
idiom-524677,관용구,학질(을) 떼다,,구성 단어의 직접적 뜻과 관용적 뜻의 관계,"괴롭거나 어려운 상황을 벗어나느라고 진땀을 빼거나, 그것에 거의 질려 버리다.",귀찮게 자꾸 꼬치꼬치 캐묻는 바람에 아주 학질을 뗐다.,표준국어대사전 용례,,"23,24",524677
idiom-533217,관용구,허리띠를 졸라매다,,구성 단어의 직접적 뜻과 관용적 뜻의 관계,검소한 생활을 하다.,빚을 지지 않으려고 허리띠를 졸라매었다.,표준국어대사전 용례,마음먹은 일을 이루려고 새로운 결의와 단단한 각오로 일에 임하다. | 배고픔을 참다.,29,533217
idiom-532933,관용구,혀(가) 굳다,,구성 단어의 직접적 뜻과 관용적 뜻의 관계,놀라거나 당황하여 말을 잘하지 못하다.,웬 점잖은 노인이 문밖에서 찾는다는 전갈을 받고 나간 며느리는 우뚝 서 있는 전처만 영감을 보고 혀가 굳어 말도 안 나올 만큼 놀랐다.,표준국어대사전 용례,,"27,28",532933
idiom-524876,관용구,회가 동하다,,구성 단어의 직접적 뜻과 관용적 뜻의 관계,구미가 당기거나 무엇을 하고 싶은 마음이 생기다.,"구수한 고기 국물 냄새에, 우선 회가 동하였다. 십 원짜리 국밥을 한 몫 두 그릇을 시켜 놓고, 영자와 한 그릇씩 먹었다.",표준국어대사전 용례,,"23,24",524876
